insert into Magia (nomeMagia, nivel, tipo, descricao, alcance, componentes, duracao, tempoConjuracao)
	values
	('Acalmar Emoções', 2, 'Encantamento', 'Você tenta suprimir emoções fortes em um grupo de pessoas. Cada humanoide em uma esfera de 6 metros de raio, centrada em um ponto que você escolher dentro do alcance, deve realizar um teste de resistência de Carisma; uma criatura pode escolher falhar nesse teste, se desejar. Se uma criatura falhar na resistência, escolha um dentre os dois efeitos a seguir. Você pode suprimir qualquer efeito que esteja deixando a criatura enfeitiçada ou amedrontada. Quando essa magia terminar, qualquer efeito suprimido volta a funcionar, considerando que sua duração não tenha acabado nesse meio tempo. Alternativamente, você pode tornar um alvo indiferente às criaturas que você escolher que forem hostis a ele. Essa indiferença acaba se o alvo for atacado ou ferido por uma magia ou se ele testemunhar qualquer dos seus amigos sendo ferido. Quando a magia terminar, a criatura se tornará hostil novamente, a não ser que o Mestre diga o contrário.', '18 metros', 'V, S', 'Concentração, até 1 minuto', '1 ação'),
	('Adivinhação', 4, 'Adivinhação (ritual)', 'Sua magia e uma oferenda colocam você em contato com um deus ou servo divino. Você faz uma única pergunta a respeito de um objetivo, evento ou atividade específico que irá ocorrer dentro de 7 dias. O Mestre oferece uma resposta confiável. A resposta deve ser uma frase curta, uma rima enigmática ou um presságio. A magia não leva em consideração qualquer possível circunstância que possa mudar o que está por vir, como a conjuração de magias adicionais ou a perda ou ganho de um companheiro. Se você conjurar a magia duas ou mais vezes antes de completar seu próximo descanso longo, existe uma chance cumulativa de 25 por cento de cada conjuração, depois da primeira que você fez, ter um resultado aleatório. O Mestre faz essa jogada secretamente.', 'Pessoal', 'V, S, M (incenso e uma oferenda apropriada para sacrifício à sua religião, juntos valendo, no mínimo, 25 po, consumidos pela magia)', 'Instantânea', '1 ação'),
	('Ampliar Plantas', 3, 'Transmutação', 'Essa magia canaliza vitalidade nas plantas dentro de uma área especifica. Existem dois usos possíveis para essa magia, concedendo ou benefícios imediatos ou a longo prazo. Se você conjurar essa magia usando 1 ação, escolha um ponto dentro do alcance. Todas as plantas normais num raio de 30 metros centrado no ponto, tornam-se espessas e carregadas. Uma criatura se movendo na área deve gastar 6 metros de movimento para cada 1,5 metro que se mover. Você pode excluir uma ou mais áreas de qualquer tamanho, dentro da área da magia, para não ser afetada. Se você conjurar essa magia ao longo de 8 horas, você fertiliza a terra. Todas as plantas num raio de 800 metros, centrado no ponto dentro do alcance, ficam enriquecidas por 1 ano. As plantas fornecerão o dobro da quantidade normal de comida quando colhidas.', '45 metros', 'V, S', 'Instantânea', '1 ação ou 8 horas'),
	('Braços de Hadar', 1, 'Conjuração', 'Você invoca o poder de Hadar, o Faminto Sombrio. Tentáculos de energia negra brotam de você e golpeiam todas as criaturas a até 3 metros de você. Cada criatura na área deve realizar um teste de resistência de Força. Se falhar, o alvo sofre 2d6 de dano necrótico e não pode fazer reações até o próximo turno dela. Em um sucesso, uma criatura sofre metade do dano e não sofre qualquer outro efeito. Em Níveis Superiores. Quando você conjurar essa magia usando um espaço de magia de 2° nível ou superior, o dano aumenta em 1d6 para cada nível do espaço acima do 1°.', 'Pessoal (3 metros de raio)', 'V, S', 'Instantânea', '1 ação'),
	('Cativar', 2, 'Encantamento', 'Você tece um cordão de palavras distrativas, fazendo as criaturas, à sua escolha, que você puder ver dentro do alcance e que puderem ouvir você, realizarem um teste de resistência de Sabedoria. Qualquer criatura que não puder ser enfeitiçada, passa automaticamente nesse teste de resistência e, se você ou seus companheiros estiverem lutando com a criatura, ela terá vantagem na resistência. Se falhar na resistência, a criatura terá desvantagem em testes de Sabedoria (Percepção) feitos para notar qualquer criatura além de você, até a magia acabar ou até o alvo não poder mais ouvir você. A magia acaba se você estiver incapacitado ou incapaz de falar.', '18 metros', 'V, S', '1 minuto', '1 ação'),
	('Cegueira/Surdez', 2, 'Necromancia', 'Você pode cegar ou ensurdecer um oponente. Escolha uma criatura que você possa ver dentro do alcance para fazer um teste de resistência de Constituição. Se ela falhar, ficará ou cega ou surda (à sua escolha) pela duração. No final de cada um dos turnos dele, o alvo pode realizar um teste de resistência de Constituição. Se obtiver sucesso, a magia termina. Em Níveis Superiores.<b/> Se você conjurar essa magia usando um espaço de magia de 3° nível ou superior, você pode afetar uma criatura adicional para cada nível de espaço acima do 2°.', '9 metros', 'V', '1 minuto', '1 ação'),
	('Chama Contínua', 2, 'Evocação', 'Uma chama, que produz iluminação equivalente a uma tocha, surge de um objeto que você tocar. O efeito é parecido com o de uma chama normal, mas ele não produz calor e não consome oxigênio. Uma chama continua pode ser coberta ou escondida, mas não sufocada ou extinta.', 'Toque', 'V, S, M (pó de rubi no valor de 50 po, consumido pela magia)', 'Até ser dissipada', '1 ação'),
	('Despistar', 5, 'Ilusão', 'Você fica invisível ao mesmo tempo que uma cópia ilusória sua aparece onde você estava. A cópia permanece pela duração, mas a invisibilidade acaba se você atacar ou conjurar uma magia. Você pode usar sua ação para mover a cópia ilusória até o dobro do seu deslocamento e fazê-la gesticular, falar e se comportar da forma que você quiser. Você pode ver através dos olhos e ouvir através dos ouvidos da cópia como se você estivesse localizado onde ela está. Em cada um dos seus turnos, com uma ação bônus, você pode trocar o uso dos sentidos dela pelo seu ou voltar novamente. Enquanto você está usando os sentidos dela, você fica cego e surdo ao que está a sua volta.', 'Pessoal', 'S', 'Concentração, até 1 hora', '1 ação'),
	('Encarnação Fantasmagórica', 9, 'Ilusão', 'Baseado nos mais profundos medos de um grupo de criaturas, você cria criaturas ilusórias nas mentes delas, visíveis apenas por elas. Cada criatura numa esfera com 9 metros de raio centrada num ponto, à sua escolha, dentro do alcance, deve realizar um teste de resistência de Sabedoria. Se falhar na resistência, uma criatura ficará amedrontada pela duração. A ilusão invoca os medos mais profundos da criatura, manifestando seus piores pesadelos como uma ameaça implacável. No final de cada turno da criatura amedrontada, ela deve ser bem sucedida num teste de resistência de Sabedoria ou sofrerá 4d10 de dano psíquico. Se obtiver sucesso na resistência, a magia termina para essa criatura.', '36 metros', 'V, S', 'Concentração, até 1 minuto', '1 ação'),
	('Enfraquecer Intelecto', 8, 'Encantamento', 'Você ataca a mente de uma criatura que você possa ver, dentro do alcance, tentando despedaçar seu intelecto e personalidade. O alvo sofre 4d6 de dano psíquico e deve realizar um teste de resistência de Inteligência. Se falhar na resistência, os valores de Inteligência e Carisma da criatura se tornam 1. A criatura não pode conjurar magias, ativar itens mágicos, compreender idiomas ou se comunicar de qualquer forma inteligível. A criatura pode, no entanto, identificar seus amigos, seguilos e, até mesmo, protege-los. Ao final de cada 30 dias, a criatura pode repetir seu teste de resistência contra essa magia. Se ela obtiver sucesso no teste de resistência, a magia termina. Essa magia também pode ser terminada através de restauração maior, cura completa ou desejo.', '45 metros', 'V, S, M (um punhado de barro, cristal, vidro ou esferas minerais)', 'Instantânea', '1 ação'),
	('Espada de Mordenkainen', 7, 'Evocação', 'Você cria um plano de energia em formato de espada que flutua dentro do alcance. Ela permanece pela duração. Quando a espada aparece, você realiza um ataque com magia contra um alvo, à sua escolha, a 1,5 metro da espada. Se atingir, o alvo sofre 3d10 de dano de energia. Até a magia acabar, você pode usar uma ação bônus, em cada um dos seus turnos, para mover a espada até 6 metros para um local que você possa ver e repetir esse ataque contra o mesmo alvo ou um diferente.', '18 metros', 'V, S, M (espada de platina em miniatura com cabo e pomo de cobre e zinco valendo, no mínimo, 250 po)', 'Concentração, até 1 minuto', '1 ação'),
	('Globo de Invulnerabilidade', 6, 'Abjuração', 'Uma barreira imóvel, levemente cintilante, surge do nada num raio de 3 metros centrado em você e permanece pela duração. Qualquer magia de 5° nível ou inferior conjurada de fora da barreira não poderá afetar as criaturas ou objetos dentro dela, mesmo que a magia seja conjurada usando um espaço de magia de nível superior. Tais magias podem ter como alvo criaturas e objetos dentro da barreira, mas a magia não produz nenhum efeito neles. Similarmente, a área dentro da barreira é excluída das áreas afetadas por tais magias. Em Níveis Superiores. Quando você conjurar essa magia usando um espaço de magia de 7° nível ou superior, a barreira bloqueia magias de um nível superior para cada nível do espaço acima do 6°.', 'Pessoal (3 metros de raio)', 'V, S, M (uma perola de vidro ou cristal que se despedaça quando a magia termina)', 'Concentração, até 1 minuto', '1 ação'),
	('Globos de Luz', 0, 'Evocação', 'Você cria até quatro luzes do tamanho de tochas dentro do alcance, fazendo-as parecerem tochas, lanternas ou esferas luminosas que flutuam no ar pela duração. Você também pode combinar as quatro luzes em uma forma luminosa, vagamente humanoide, de tamanho Médio. Qualquer que seja a forma que você escolher, cada luz produz penumbra num raio de 3 metros. Com uma ação bônus, no seu turno, você pode mover as luzes, até 18 metros, para um novo local dentro do alcance. Uma luz deve estar a, pelo menos, 6 metros de outra luz criada por essa magia e uma luz some se exceder o alcance da magia.', '36 metros', 'V, S, M (um pouco de fósforo ou wychwood ou um inseto luminoso)', 'Concentração, até 1 minuto', '1 ação'),
	('Tempestade de Fogo', 7, 'Evocação', 'Uma tempestade feita de camadas de chamas crepitantes aparece num local, à sua escolha, dentro do alcance. A área da tempestade consiste de até dez cubos de 3 metros, que você pode organizar como desejar. Cada cubo deve ter, pelo menos, uma face adjacente a face de outro cubo. Cada criatura na área deve realizar um teste de resistência de Destreza. Ela sofre 7d10 de dano de fogo se falhar na resistência, ou metade desse dano se obtiver sucesso. O fogo causa dano aos objetos na área e incendeia objetos inflamáveis que não estejam sendo vestidos ou carregados. Se desejar, a vida vegetal na área pode não ser afetada por essa magia.', '45 metros', 'V, S', 'Instantânea', '1 ação'),
	('Ver o Invisível', 2, 'Adivinhação', 'Pela duração, você vê criaturas e objetos invisíveis como se eles fossem visíveis e você pode ver no Plano Etéreo. Criaturas e objetos etéreos parecem espectrais e translúcidos.', 'Pessoal', 'V, S, M (um pouco de talco e um pó de prata polvilhado)', '1 hora', '1 ação');

insert into Pericia (nomePericia, descricao, habilidadeImpacta)
	values
	('Atletismo', 'abrange as situações difíceis que você encontra ao escalar, saltar ou nadar', 'Força'),
	('Acrobacia', 'Um teste de Destreza (Acrobacia) abrange uma tentativa de permanecer de pé em uma situação complicada, como tentar correr sobre uma camada de gelo, equilibrar-se na corda bamba ou ficar de pé no convés de um navio que balança. O Mestre também pode pedir um teste de Destreza (Acrobacia) para ver se você é capaz de realizar acrobacias, como cambalhotas e saltos mortais.','Destreza'),
	('Furtividade', 'Um teste de Destreza (Furtividade) é realizado para tentar esconder-se de inimigos, esgueirar-se por guardas, escapar sem ser notado, ou aproximar-se de alguém sem ser visto ou ouvido.', 'Destreza'),
	('Prestidigitação', 'Sempre que você tentar realizar um ato de prestidigitação ou de trapaça manual, como plantar alguma coisa em outra pessoa ou esconder um objeto em sua roupa, você deve fazer um teste de Destreza (Prestidigitação). O Mestre também pode pedir um teste de Destreza (Prestidigitação) para determinar se você pode roubar uma bolsa de moedas de outra pessoa ou pegar algo do bolso de outra pessoa.', 'Destreza'),
	('Arcanismo', 'Um teste de Inteligência (Arcanismo) mede conhecimento sobre magias, itens mágicos, símbolos sobrenaturais, tradições mágicas, os planos de existência e os habitantes desses planos.', 'Inteligência'),
	('História', 'Um teste de Inteligência (História) mede o conhecimento sobre eventos históricos, pessoas lendárias, reinos antigos, disputas passadas, guerras recentes e civilizações perdidas.', 'Inteligência'),
	('Investigação', 'Quando você olha ao redor em busca de pistas e faz deduções com base nesses indícios, você realiza um teste de Inteligência (Investigação). Você pode deduzir a localização de um objeto escondido, discernir, a partir da aparência de um ferimento, que tipo de arma o causou, ou determinar o ponto mais fraco em um túnel que poderia causar o seu colapso. Debruçar-se sobre pergaminhos antigos em busca de um fragmento escondido de conhecimento também pode necessitar um teste de Inteligência (Investigação).', 'Inteligência'),
	('Natureza', 'Um teste de Inteligência (Natureza) mede oconhecimento sobre terreno, plantas e animais, clima eciclos naturais.', 'Inteligência'),
	('Religião', 'Um teste de Inteligência (Religião) mede o conhecimento de lendas sobre divindades, rituais e orações, hierarquias religiosas, símbolos sagrados e práticas de cultos secretos.', 'Inteligência'),
	('Adestrar Animais', 'Quando houver a necessidade de saber se você pode acalmar um animal domesticado, impedir uma montaria de se assustar, ou intuir as intenções de um animal, o Mestre pode pedir um teste de Sabedoria (Adestrar Animais). Você também realiza um teste de Sabedoria (Adestrar Animais) para controlar sua montaria ao tentar uma manobra arriscada.', 'Sabedoria'),
	('Intuição', 'Um teste de Sabedoria (Intuição) decide se você pode determinar as verdadeiras intenções de uma criatura, perceber uma mentira ou prever o próximo movimento de alguém. Fazer isso envolve recolher pistas a partir da linguagem corporal, os hábitos da fala e as mudanças nos maneirismos.', 'Sabedoria'),
	('Medicina', 'Um teste de Sabedoria (Medicina) permite tentar estabilizar um companheiro que está morrendo ou diagnosticar uma doença.', 'Sabedoria'),
	('Percepção', 'Um teste de Sabedoria (Percepção) permite observar, ouvir ou detectar a presença de alguma coisa de outra forma. A percepção mede a consciência geral do que está acontecendo ao seu redor e a acuidade de seus sentidos. Por exemplo, você pode tentar ouvir uma conversa através de uma porta fechada, bisbilhotar sob uma janela aberta ou ouvir monstros movendo-se furtivamente na floresta. Ou você pode tentar detectar coisas que são obscurecidas ou que normalmente passariam despercebidas, desde uma emboscada de orcs em uma estrada, bandidos escondidos nas sombras de um beco ou uma porta secreta fechada somente com a luz de velas.', 'Sabedoria'),
	('Sobrevivência', 'Um teste de Sabedoria (Sobrevivência) é feito para seguir rastros, caçar, orientar ogrupo através de terras congeladas, identificar sinais deque ursos-coruja vivem nas proximidades, prever o tempo, ou evitar areia movediça e outros perigos naturais.', 'Sabedoria'),
	('Atuação', 'Um teste de Carisma (Atuação) determina o quão bem você pode entreter uma plateia com música, dança, atuação, contando histórias ou alguma outra forma de entretenimento.', 'Carisma'),
	('Enganação', 'Um teste de Carisma (Enganação) determina se você pode esconder a verdade de forma convincente, verbalmente ou através de suas ações. Esse engano pode abranger tudo, como iludir os outros através de uma mentira cheia de ambiguidade. Situações típicas incluem tentar ludibriar um guarda, iludir um comerciante, ganhar dinheiro através de jogos de azar, usar um disfarce, amenizar as suspeitas de alguém com falsas garantias ou manter uma cara séria ao contar uma mentira descarada.', 'Carisma'),
	('Intimidação', 'Ao tentar influenciar alguém através de ameaças abertas, ações hostis e violência física, o Mestre pode pedir a realização de um teste de Carisma (Intimidação). Exemplos incluem tentar arrancar informações de um prisioneiro, convencer bandidos de rua a recuar de um confronto ou usar uma garrafa quebrada para convencer um vizir sarcástico a reconsiderar uma decisão.','Carisma'),
	('Persuasão', 'Quando você tenta influenciar alguém ou um grupo de pessoas com tato, delicadeza ou boa índole, o Mestre pode pedir para você fazer de um teste de Carisma (Persuasão). Normalmente, você usa a Persuasão quando está agindo de boa-fé, para promover amizades, fazer pedidos cordiais ou exibir a etiqueta apropriada.', 'Carisma');

insert into Talento (nomeTalento, preRequisito, descricao)
	values
	('Adepto Elemental', 'Capacidade de conjurar pelo menos uma magia', 'Quando você ganha esse talento, escolha um dos tipos de dano a seguir: ácido, elétrico, fogo, frio ou trovão. As magias que você conjurar ignoram resistência a dano do tipo escolhido. Além disso, quando você rola o dano para uma magia que você conjurar que causar dano desse tipo, você pode tratar qualquer 1 num dado de dano como um 2. Você pode escolher esse talento diversas vezes. A cada vez que o fizer, você deve escolher um tipo diferente de dano.'),
	('Adepto Marcial', null, 'Você tem treinamento marcial que permite a você realizar manobras de combate especiais. Você ganha os seguintes benefícios:'),
	('Alerta', null, 'Sempre a espera de perigo, você ganha os seguintes benefícios:'),
	('Ambidestro', null, 'Você dominou o estilo de luta com duas armas, ganhando os seguintes benefícios:'),
	('Atacante Bestial', null, 'Uma vez por turno, quando você rolar o dano para um ataque corpo-a-corpo com arma, você pode jogar novamente o dado de dano da arma e usar qualquer dos valores.'),
	('Atirador Aguçado', null, 'Você dominou o uso de armas à distância e pode realizar tiros que seriam impossíveis para outros. Você ganha os seguintes benefícios:'),
	('Atirador de Magia', ' Capacidade de conjurar pelo menos uma magia', 'Você aprendeu técnicas para aprimorar seus ataques com certos tipos de magia, ganhando os seguintes benefícios:'),
	('Atleta', null, 'Você passou por extenso treinamento físico para ganhar os seguintes benefícios:'),
	('Ator', null, 'Perito em mimica e dramaturgia, você recebe os seguintes benefícios:'),
	('Combatente Montado', null, 'Você é um oponente perigoso de se enfrentar quando está montado. Enquanto estiver montado e não estiver incapacitado, você ganha os seguintes benefícios:'),
	('Conjurador de Guerra', 'Capacidade de conjurar pelo menos uma magia', 'Você praticou a conjuração de magias no meio do combate, aprendendo técnicas que lhe concedem os seguintes benefícios:'),
	('Conjurador de Ritual', 'Inteligência ou Sabedoria 13 ou maior', 'Você aprendeu um número de magias que você pode conjurar como rituais. Essas magias são escritas em um livro de rituais, o qual deve estar em suas mãos enquanto você conjura uma dessas magias. Quando você escolhe esse talento, você adquire um livro de rituais que contem duas magias de 1° nível, à sua escolha. Escolha uma das seguintes classes: bardo, bruxo, clérigo, druida, feiticeiro ou mago. Você deve escolher suas magias da lista de magias dessa classe e as magias escolhidas devem ter o descritor ritual. A classe que você escolheu também determina a habilidade de conjuração dessas magias: Carisma para bardo, bruxo ou feiticeiro; Sabedoria para clérigo ou druida; ou Inteligência para mago. Se você encontrar uma magia na forma escrita, como a contida em um pergaminho de magia ou o grimório de um mago, você é capaz de adicioná-la ao seu livro de rituais. A magia deve estar na lista de magias da classe escolhida, o nível da magia não pode ser maior que metade do seu nível (arredondado para cima) e deve conter o descritor ritual. O processo para copiar a magia no seu livro de rituais leva 2 horas por nível da magia e custa 50 po por nível. O custo representa os componentes materiais que você gasta para experimentar a magia até dominá-la, bem como as finas tintas utilizadas para escrevê-la.'),
	('Curandeiro', null, 'Você é um cirurgião capacitado, permitindo que você trate de ferimentos rapidamente, trazendo seus aliados de volta à luta. Você adquire os seguintes benefícios:'),
	('Duelista Defensivo', 'Destreza 13 ou maior', 'Quando você estiver empunhando uma arma de acuidade com a qual você seja proficiente e outra criatura atingir você com um ataque corpo-a-corpo, você pode usar sua reação para adicionar seu bônus de proficiência a sua CA para esse ataque, potencialmente fazendo o ataque errar.'),
	('Especialista em Besta', null, 'Graças a sua pratica extensiva com bestas, você ganha os seguintes benefícios:'),
	('Especialista em Briga', null, 'Acostumado a brigas de bar usando qualquer coisa como armas, e na falta, os punhos, você ganha os seguintes benefícios:'),
	('Explorador de Cavernas', null, 'Alerta às armadilhas escondidas e portas secretas encontradas em muitas masmorras, você ganha os seguintes benefícios:'),
	('Imobilizador', 'Força 13 ou maior', 'Você desenvolveu a perícia necessária para se prender a alguém em um combate engajado. Você recebe os seguintes benefícios:'),
	('Iniciado em Magia', null, 'Escolha uma classe: bardo, bruxo, clérigo, druida, feiticeiro ou mago. Você aprende dois truques da lista de magias da classe escolhida. Além disso, escolha uma magia de 1° nível da mesma lista. Você aprende essa magia e pode conjura-la com o menor nível possível. Uma vez que a conjure, você precisa terminar um descanso longo para poder conjura-la novamente. Essa restrição aplica-se apenas à magia adquirida através desse talento. Sua habilidade de conjuração depende da classe que você escolher: Carisma para bardo, bruxo ou feiticeiro; Sabedoria para clérigo ou druida; ou Inteligência para mago.'),
	('Investida Poderosa', null, 'Quando você usa a ação de Disparada, você pode usar sua ação bônus para realizar um ataque corpo-a-corpo com arma ou para empurrar uma criatura. Se você se mover, pelo menos, 3 metros em linha reta, imediatamente antes de realizar essa ação bônus, você pode tanto ganhar +5 de bônus na jogada de dano do ataque (se você escolher realizar um ataque corpo-a-corpo e atingir) ou empurrar o alvo até 3 metros de você (se você escolher empurrar e for bem sucedido).'),
	('Lider Inspirador', 'Carisma 13 ou maior', 'Você pode gastar 10 minutos inspirando seus companheiros, suportando a vontade deles de lutar. Quando fizer isso, escolha até seis criaturas amigáveis (que pode incluir você) a até 9 metros de você que possam ver ou ouvir você e possam te compreender. Cada criatura ganha pontos de vida temporários igual ao seu nível + seu modificador de Carisma. Uma criatura não pode ganhar pontos de vida temporários desse talento novamente até terminar um descanso curto ou longo.'),
	('Maestria em Arma de Haste', null, 'Você consegue manter seus inimigos afastados utilizando armas de haste. Você ganha os seguintes benefícios:'),
	('Maestria em Armadura Média', 'Proficiência em armadura média', 'Você praticou seus movimentos usando armaduras pesadas para ganhar os seguintes benefícios:'),
	('Maestria em Armadura Pesada', 'Proficiência em armadura pesada', 'Você pode usar sua armadura para defletir ataques potencialmente fatais a outros. Você ganha os seguintes benefícios:'),
	('Matador de Conjuradores', null, 'Você praticou técnicas úteis em combate corpo-a-corpo contra conjuradores, ganhando os seguintes benefícios:'),
	('Mente Afiada', null, 'Você tem uma mente que pode cronometrar o tempo e memorizar direção e detalhes com precisão absurda. Você ganha os seguintes benefícios:'),
	('Mestre de Armas', null, 'Você tem praticado extensamente com uma variedade de armas, ganhando os seguintes benefícios:'),
	('Mestre de Armas Grandes', null, 'Você aprendeu a usar o peso em sua vantagem, deixando o balanço potencializar seus golpes. Você recebe os seguintes benefícios:'),
	('Mestre de Escudo', null, 'Você não usa escudos apenas para proteção, mas também de forma ofensiva. Você ganha os seguintes benefícios enquanto estiver empunhando um escudo:'),
	('Mobilidade', null, 'Você é excepcionalmente rápido e ágil. Você ganha os seguintes benefícios:'),
	('Observador', null, 'Rápido em perceber os detalhes do ambiente, você ganha os seguintes benefícios:'),
	('Perito', null, 'Você ganha proficiência em qualquer combinação de três perícias ou ferramentas, à sua escolha.'),
	('Poliglota', null, 'Você estudou línguas e códigos, ganhando os seguintes benefícios:'),
	('Proteção Leve', null, 'Você treinou até dominar o uso de armaduras leves, ganhando os seguintes benefícios:'),
	('Proteção Moderada', 'Proficiência em armadura leve', 'Você treinou até dominar o uso de armaduras médias e escudos, ganhando os seguintes benefícios:'),
	('Proteção Pesada', 'Proficiência em armadura média', 'Você treinou até dominar o uso de armaduras pesadas, ganhando os seguintes benefícios:'),
	('Resiliente', null, 'Escolha um valor de habilidade. Você ganha os seguintes benefícios:'),
	('Resistente', null, 'Duro e resistente, você ganha os seguintes benefícios:'),
	('Robusto', null, 'Seu máximo de pontos de vida aumenta em um valor igual a duas vezes seu nível quando você adquire esse talento. Toda vez que você ganhar um nível, após isso, seu máximo de pontos de vida aumenta em 2 pontos de vida adicionais.'),
	('Sentinela', null, 'Você domina técnicas para obter vantagem a cada vez que qualquer inimigo baixar a guarda, ganhando os seguintes benefícios:'),
	('Sorrateiro', 'Destreza 13 ou maior', 'Você é especialista em espreitar através das sombras. Você ganha os seguintes benefícios:'),
	('Sortudo', null, 'Você tem uma sorte inexplicável que parece surgir nos momentos exatos. Você tem 3 pontos de sorte. A qualquer momento que você realizar uma jogada de ataque, teste de habilidade ou teste de resistência, você pode gastar um ponto de sorte para rolar um d20 adicional. Você pode escolher gastar um dos seus pontos de sorte depois de rolar o dado, mas antes de saber o resultado da jogada. Você escolhe qual dos d20s irá usar para a jogada de ataque, teste de habilidade ou teste de resistência.  Você também pode gastar um ponto de sorte quando uma jogada de ataque for feita contra você. Role um d20, e então escolha se o ataque irá usar a jogada do atacante ou a sua. Se mais de uma criatura gastar um ponto de sorte para influenciar uma mesma jogada, os pontos se cancelam mutuamente; nenhum dado adicional é rolado. Você recupera seus pontos de sorte gastos após terminar um descanso longo.');

insert into BonusTalento (nomeTalento, descricao)
	values
	('Adepto Marcial', 'Você aprende duas manobras, à sua escolha, das que estão disponíveis ao arquétipo Mestre de Batalha na classe guerreiro. Se a manobra que você usar obrigar um alvo a realizar um teste de resistência, a CD do teste de resistência será igual a 8 + seu bônus de proficiência + seu modificador de Força ou Destreza (à sua escolha).'),
	('Adepto Marcial', 'Se você já tiver dados de superioridade, você ganha um adicional; do contrário, você terá um dado de superioridade, que é um d6. Esse dado é usado para abastecer suas manobras. Um dado de superioridade é gasto quando você o usa. Você recupera seus dados de superioridade gastos quando termina um descanso curto ou longo.'),
	('Alerta', 'Você recebe +5 de bônus em iniciativa.'),
	('Alerta', 'Você não pode ser surpreso enquanto estiver consciente.'),
	('Alerta', 'Outras criaturas não ganham vantagem nas jogadas de ataque contra você por estarem escondidas de você.'),
	('Ambidestro', 'Você ganha +1 de bônus na CA enquanto estiver empunhando uma arma corpo-a-corpo em cada mão.'),
	('Ambidestro', 'Você pode usar combater com duas armas mesmo que a arma de uma mão que você está empunhando não seja leve.'),
	('Ambidestro', 'Você pode sacar ou guardar duas armas de uma mão quando você, normalmente, seria capaz de sacar ou guardar apenas uma.'),
	('Atirador Aguçado', 'Atacar um alvo além da distância normal não impõem desvantagem nas suas jogadas de ataque com armas à distância.'),
	('Atirador Aguçado', 'Seus ataques com armas à distância ignoram meiacobertura e três-quartos de cobertura.'),
	('Atirador Aguçado', 'Antes de realizar um ataque com uma arma à distância na qual você seja proficiente, você pode escolher sofrer –5 de penalidade na jogada de ataque. Se o ataque atingir, você adiciona +10 no dano do ataque.'),
	('Atirador de Magia', 'Quando você conjura uma magia que requer que você realize uma jogada de ataque, o alcance da magia é dobrada.'),
	('Atirador de Magia', 'Seus ataques à distância com magia ignoram meiacobertura ou três-quartos de cobertura.'),
	('Atirador de Magia', 'Você aprende um truque que requer uma jogada de ataque. Escolha o truque da lista de magias do bardo, bruxo, clérigo, druida, feiticeiro ou mago. Sua habilidade de conjuração para esse truque depende da lista de magia a qual você escolheu o truque: Carisma para bardo, bruxo ou feiticeiro; Sabedoria para clérigo ou druida; ou Inteligência para mago.'),
	('Atleta', 'Aumente seu valor de Força ou Destreza em 1, até o máximo de 20.'),
	('Atleta', 'Quando você estiver caído, se levantar requer apenas 1,5 metro do seu deslocamento.'),
	('Atleta', 'Escalar não custa movimento adicional a você.'),
	('Atleta', 'Você pode realizar um salto em distância correndo ou um salto em altura correndo se movendo apenas um passo de ajuste de 1,5 metro, ao invés de 3 metros.'),
	('Ator', 'Aumente seu valor de Carisma em 1, até o máximo de 20.'),
	('Ator', 'Você tem vantagem em testes de Carisma (Atuação) e Carisma (Enganação) quando você estiver tentando se passar por uma pessoa diferente.'),
	('Ator', 'Você pode imitar a articulação de outra pessoa ou os sons feitos por outras criaturas. Você deve ter ouvido a pessoa falando ou ouvido a criatura fazendo o som por, pelo menos, 1 minuto. Um sucesso num teste de Sabedoria (Intuição) resistido pelo seu teste de Carisma (Enganação) permite que um ouvinte determine que o efeito é falso.'),
	('Combatente Montado', 'Você tem vantagem nas jogadas de ataque corpo-acorpo contra qualquer criatura desmontada que seja menor que a sua montaria.'),
	('Combatente Montado', 'Você pode forçar que um ataque direcionado a sua montaria seja direcionado a você, em seu lugar.'),
	('Combatente Montado', 'Se sua montaria for alvo de um efeito que permita a ela realizar um teste de resistência de Destreza para reduzir o dano à metade, ao invés disso, ela não sofre qualquer dano se for bem sucedida no teste de resistência, e apenas metade se falhar.'),
	('Conjurador de Guerra', 'Você tem vantagem em testes de resistência de Constituição para manter sua concentração em uma magia quando você sofrer dano.'),
	('Conjurador de Guerra', 'Você pode realizar os componentes somáticos de uma magia mesmo quando está com armas ou um escudo em uma ou ambas as mãos.'),
	('Conjurador de Guerra', 'Quando o movimento de uma criatura hostil provocar um ataque de oportunidade para você, você pode usar sua reação para conjurar uma magia na criatura, ao invés de realizar o ataque de oportunidade. A magia deve ter um tempo de conjuração de 1 ação e deve ter apenas uma criatura como alvo.'),
	('Curandeiro', 'Quando você usar um kit de primeiros-socorros para estabilizar uma criatura morrendo, a criatura recupera 1 ponto de vida, ao invés disso.'),
	('Curandeiro', 'Com uma ação, você pode gastar um uso do kit de primeiros-socorros para tratar de uma criatura e restaurar 1d6 + 4 pontos de vida mais uma quantidade de pontos de vida adicionais igual ao número total de Dados de Vida da criatura. A criatura não pode recuperar pontos de vida através desse talento novamente até ter terminado um descanso curto ou longo.'),
	('Especialista em Besta', 'Você ignora a qualidade de recarga de bestas nas quais você é proficiente.'),
	('Especialista em Besta', 'Estar a 1,5 metro de uma criatura hostil não impõem desvantagem nas suas jogadas de ataque à distância.'),
	('Especialista em Besta', 'Quando você usa a ação de Ataque e ataca com uma arma de uma mão, você pode usar sua ação bônus para atacar com uma besta de mão carregada que você esteja empunhando.'),
	('Especialista em Briga', 'Aumente o valor de Força ou Constituição em 1, até o máximo de 20.'),
	('Especialista em Briga', 'Seus ataques desarmados causam 1d4 de dano.'),
	('Especialista em Briga', 'Quando você atinge uma criatura com um ataque desarmado ou com uma arma improvisada, no seu turno, você pode usar uma ação bônus para tentar agarrar o alvo'),
	('Explorador de Cavernas', 'Você tem vantagem em testes de Sabedoria (Percepção) e de Inteligência (Investigação) feitos para detectar a presença de portas secretas.'),
	('Explorador de Cavernas', 'Você tem vantagem em testes de resistência feitos para evitar ou resistir a armadilhas.'),
	('Explorador de Cavernas', 'Você tem resistência ao dano causado por armadilhas.'),
	('Explorador de Cavernas', 'Você pode procurar armadilhas enquanto viaja a um ritmo normal, ao invés de metade do ritmo.'),
	('Imobilizador', 'Você tem vantagem nas jogadas de ataque contra uma criatura agarrada.'),
	('Imobilizador', 'Você pode usar sua ação para tentar imobilizar uma criatura agarrada por você. Para tanto, realize outro teste de agarrar. Se você for bem sucedido, você e a criatura estarão ambos impedidos até o agarre terminar.'),
	('Maestria em Arma de Haste', 'Quando você realiza a ação de Ataque e ataca com uma glaive, alabarda ou bordão, você pode usar uma ação bônus para realizar um ataque corpo-a-corpo com a outra extremidade da arma. Esse ataque usa o mesmo modificador de habilidade do ataque primário. O dado de dano da arma para esse ataque é um d4 e o ataque causa dano de concussão.'),
	('Maestria em Arma de Haste', 'Enquanto você estiver empunhando uma glaive, alabarda, lança longa ou bastão, as outras criaturas provocam um ataque de oportunidade a você quando entrarem no seu alcance.'),
	('Maestria em Armadura Média', 'Vestir uma armadura média não lhe impõe desvantagem em testes de Destreza (Furtividade).'),
	('Maestria em Armadura Média', 'Quando você estiver vestindo uma armadura média, você pode adicionar 3, ao invés de 2, à sua CA, se você tiver Destreza 16 ou maior.'),
	('Maestria em Armadura Pesada', 'Aumente seu valor de Força em 1, até o máximo de 20.'),
	('Maestria em Armadura Pesada', 'Quando você estiver vestindo uma armadura pesada, dano de concussão, cortante e perfurante que você receba de armas não-mágicas será reduzido em 3.'),
	('Matador de Conjuradores', 'Quando uma criatura a até 1,5 metro de você conjurar uma magia, você pode usar sua reação para realizar um ataque corpo-a-corpo contra ela.'),
	('Matador de Conjuradores', 'Quando você causa dano em uma criatura que está se concentrando em uma magia, a criatura terá desvantagem no teste de resistência que ela fizer para manter a concentração.'),
	('Matador de Conjuradores', 'Você tem vantagem em testes de resistência contra magias conjuradas por criaturas a até 1,5 metro de você.'),
	('Mente Afiada', 'Aumente seu valor de Inteligência em 1, até o máximo de 20.'),
	('Mente Afiada', 'Você sempre sabe qual a direção do norte.'),
	('Mente Afiada', 'Você sempre sabe o número de horas restantes para o próximo nascer ou pôr do sol.'),
	('Mente Afiada', 'Você pode relembrar, com precisão, qualquer coisa que você tenha visto ou ouvido no último mês.'),
	('Mestre de Armas', 'Aumente o valor de Força ou Destreza em 1, até o máximo de 20.'),
	('Mestre de Armas', 'Você ganha proficiência com quatro armas simples ou marciais, à sua escolha.'),
	('Mestre de Armas Grandes', 'No seu turno, quando você atingir um acerto crítico com uma arma corpo-a-corpo ou reduzir os pontos de vida de uma criatura a 0, você pode realizar um ataque corpo-a-corpo com arma, com uma ação bônus.'),
	('Mestre de Armas Grandes', 'Antes de você realizar um ataque corpo-a-corpo com uma arma pesada na qual você seja proficiente, você pode escolher sofrer –5 de penalidade em sua jogada de ataque. Se o ataque atingir, você adiciona +10 ao dano do ataque.'),
	('Mestre de Escudo', 'Se você realizar a ação de Ataque no seu turno, você pode usar uma ação bônus para tentar empurrar uma criatura, a até 1,5 metro de você, com seu escudo.'),
	('Mestre de Escudo', 'Se você não estiver incapacitado, você pode adicionar seu bônus de CA do escudo a qualquer teste de resistência de Destreza que você fizer contra uma magia ou outro efeito nocivo que tenha você como alvo.'),
	('Mestre de Escudo', 'Se você for alvo de um efeito que permita realizar um teste de resistência de Destreza para sofrer apenas metade do dano, você pode usar sua reação para não sofrer dano se passar no teste de resistência, interpondo seu escudo entre você e a fonte do efeito.'),
	('Mobilidade', 'Seu deslocamento aumenta em 3 metros'),
	('Mobilidade', 'Quando você usa a ação de Disparada, mover-se através de terreno difícil não lhe custa qualquer movimento adicional neste turno.'),
	('Mobilidade', 'Quando você realiza um ataque corpo-a-corpo contra uma criatura, você não provoca ataques de oportunidade para essa criatura pelo resto do turno, independentemente de ter atingido ou não.'),
	('Observador', 'Aumente seu valor de Inteligência ou Sabedoria em 1, até o máximo de 20.'),
	('Observador', 'Se você puder ver a boca de uma criatura enquanto ela fala um idioma que você compreende, você pode interpretar o que ela está dizendo ao ler os seus lábios.'),
	('Observador', 'Você tem +5 de bônus nos seus valores passivos de Sabedoria (Percepção) e Inteligência (Investigação).'),
	('Poliglota', 'Aumente seu valor de Inteligência em 1, até o máximo de 20.'),
	('Poliglota', 'Você aprende três idiomas, à sua escolha.'),
	('Poliglota', 'Você é capaz de criar criptogramas escritos. Outros não podem decifrar um código criado por você a não ser que você os ensine, elas sejam bem sucedidas num teste de inteligência (CD igual ao seu valor de Inteligência + seu bônus de proficiência) ou usem mágica para decifrá-lo.'),
	('Proteção Leve', 'Aumente seu valor de Força em 1, até o máximo de 20.'),
	('Proteção Leve', 'Você ganha proficiência com armadura leves.'),
	('Proteção Moderada', 'Aumente seu valor de Força em 1, até o máximo de 20.'),
	('Proteção Moderada', 'Você ganha proficiência com armadura média e escudos.'),
	('Proteção Pesada', 'Aumente seu valor de Força em 1, até o máximo de 20.'),
	('Proteção Pesada', 'Você ganha proficiência com armadura pesada.'),
	('Resiliente', 'Aumente o valor de habilidade escolhido em 1, até o máximo de 20.'),
	('Resiliente', 'Você ganha proficiência em testes de resistência usando a habilidade escolhida.'),
	('Resistente', 'Aumente seu valor de Constituição em 1, até o máximo de 20.'),
	('Resistente', 'Quando você rolar um Dado de Vida para recuperar pontos de vida, o valor mínimo de pontos de vida que você recupera dessa rolagem será igual a duas vezes seu modificador de Constituição (mínimo de 2).'),
	('Sentinela', 'Quando você atinge uma criatura com um ataque de oportunidade, o deslocamento da criatura se torna 0 pelo resto do turno.'),
	('Sentinela', 'As criaturas provocam ataques de oportunidade de você mesmo se realizarem a ação de Desengajar antes de saírem do seu alcance.'),
	('Sentinela', 'Quando uma criatura a até 1,5 metro de você realizar um ataque contra um alvo diferente de você (e o alvo não possuir esse talento), você pode usar sua reação para realizar um ataque corpo-a-corpo com arma contra a criatura atacante.'),
	('Sorrateiro', 'Você pode tentar se esconder quando estiver levemente obscurecido para a criatura de quem você está tentando se esconder.'),
	('Sorrateiro', 'Quando você estiver escondido de uma criatura e errar um ataque à distância contra ela, realizar esse ataque não revelará sua posição.'),
	('Sorrateiro', 'Penumbra não impõem desvantagem nos seus testes de Sabedoria (Percepção) relacionados a visão.');

insert into Raca (nomeRaca, caminhoImagem, descricao)
	values
	('Anão', 'anao.png', 'Reinos ricos de antiga grandeza, salões esculpidos nas raízes das montanhas, o eco de picaretas e martelos nas minas profundas e nas forjas ardentes, um compromisso com o clã e a tradição, e um ódio impetuoso contra goblins e orcs – essas linhas comuns unem todos os anões.'),
	('Elfo', 'elfo.png', 'Elfos são um povo mágico de graça sobrenatural, vivendo no mundo sem pertencer inteiramente à ele. Eles vivem em lugares de beleza aérea, no meio de antigas florestas ou em torres prateadas brilhando com luz feérica, onde uma música suave ecoa através do ar e fragrâncias suaves flutuam na brisa. Elfos amam a natureza e a magia, a arte e o estudo, a música e a poesia, e as coisas boas do mundo.'),
	('Halfling', 'halfling.png', 'Os confortos de um lar são os objetivos da maioria dos halflings: um lugar para viver em paz e sossego, longe de monstros saqueadores e embates de exércitos, com um fogo aceso e uma refeição generosa, e também uma bebida fina e boa conversa. Embora alguns halflings vivam seus dias em remotas comunidades agrícolas, outros formam bandos nômades que viajam constantemente, atraídos pela estrada afora e o vasto horizonte para descobrir as maravilhas de novas terras e povos. Mas mesmo esses halflings andarilhos amam a paz, a comida, uma lareira e um lar, mesmo que o lar seja em uma carruagem, empurrada ao longo de uma estrada de terra, ou uma balsa flutuando rio abaixo.'),
	('Humano', 'humano.png', 'Nos confins da maioria dos mundos, os humanos são a mais jovem das raças comuns, chegando mais tarde no cenário mundial e com uma vida curta, se comparados aos anões, elfos e dragões. Talvez seja por causa de suas vidas mais curtas que eles se esforcem para alcançar o máximo que podem nos anos que têm. Ou talvez eles sintam que têm algo a provar às raças mais antigas, e é por esta razão que eles constroem seus poderosos impérios através da conquista e do comércio. O que quer que os motive, os humanos são os inovadores, os realizadores e os pioneiros dos mundos.'),
	('Draconato', 'draconato.png', 'Descendentes de dragões, como seus nomes demonstram, os draconatos andam orgulhosamente pelo mundo que os saúda com um temor incompreensível. Moldados por deuses dracônicos ou pelos próprios dragões, draconatos originalmente nasceram de ovos de dragão como uma raça única, combinando os melhores atributos de dragões e humanos. Alguns draconatos são servos fieis de dragões verdadeiros, outros formas as fileiras de soldados em grandes guerras e ainda existem os que encontram-se à toa, sem um objetivo claro na vida.'),
	('Gnomo', 'gnomo.png', 'Um zumbido constante de atividades permeia a vizinhança onde os gnomos formam suas comunidades privadas. Barulhos estrondosos pontuam o zumbido: um tilintar de engrenagens moendo aqui, uma pequena explosão ali, um grito de surpresa ou comemoração e, principalmente, muitas gargalhadas. Gnomos regozijam a vida, apreciando cada momento de invento, exploração, investigação, criação e brincadeira.'),
	('Meio-Elfo', 'meio_elfo.png', 'Vagando entre dois mundos mas, na verdade, não pertencendo a nenhum dos dois, meio-elfos combinam o que alguns dizem ser as melhores qualidades dos seus parentes elfos e humanos: a curiosidade, inventividade e ambição humanas temperadas pelos sensos refinados, amor a natureza e gostos artísticos dos elfos. Alguns meio-elfos vivem entre os humanos, separados por suas diferenças emocionais e físicas, vendo seus amigos e amores envelhecer enquanto o tempo malmente os toca. Outros vivem entre os elfos, crescendo impacientes à medida que atingem a maturidade nos reinos élficos intermináveis, enquanto seus amigos continuam a viver como crianças. Muitos meio-elfos, incapazes de se encaixar em nenhuma dessas sociedades, escolhem uma vida solitária, vagando ou se juntando a outros desafortunados e adentrando uma vida de aventura.'),
	('Meio-Orc', 'meio_orc.png', 'Quer estejam unidos sob a liderança de um poderoso bruxo ou estejam lutando por um impasse após anos de conflito, tribos orcs e humanas as vezes formam alianças, unindo forças em uma vasta horda para o pavor das terras civilizadas próximas. Quando essas alianças são seladas através do casamento, os meio-orcs nascem. Alguns meio-orcs crescem e se tornam orgulhosos comandantes de tribos orcs, seu sangue humano concedem a eles um diferencial perante seus rivais orcs de sangue puro. Alguns arriscam sair pelo mundo para provar seu valor entre os humanos e outras raças mais civilizadas. Muitos desses se tornam aventureiros, adquirindo renome pelos seus poderosos feitos e notoriedade por seus costumes bárbaros e fúria selvagem.'),
	('Tiefling', 'tiefling.png', 'Ser recebido com olhares e cochichos, sofrer violência e insultos nas ruas, ver a desconfiança e medo em cada olhar: esse é o fardo do tiefling. E para completar tudo, os tieflings sabem que isso é graças ao pacto feito gerações atrás que infundiu a essência de Asmodeus – senhor supremo dos Nove Infernos – em sua linhagem. Sua aparência e natureza não é culpa deles, mas é o resultado de um pecado ancestral, pelo qual eles, seus filhos e os filhos de seus filhos serão eternamente responsabilizados.');

insert into Subraca(nomeSubRaca, nomeRaca, descricao, deslocamento, idadeAdulto, idadeExpectativaVida, tamanho, tendencia, forca, destreza, constituicao, sabedoria, inteligencia, carisma)
	values
	('Anão', 'Anão', null, 7.5, 50, 350, 'Médio', 'A maioria dos anões é leal, pois acreditam firmemente nos benefícios de uma sociedade bem organizada. Eles tendem para o bem, com um forte senso de honestidade e uma crença de que todos merecem compartilhar os benefícios de uma ordem social justa', 0, 0, 2, 0, 0, 0),
	('Anão da Colina', 'Anão', 'Como um anão da colina, você tem sentidos aguçados, maior intuição e notável resiliência. Os anões dourados de Faerûn, que vivem em seu poderoso reino ao sul do continente, são anões da colina, assim como os exilados Neidar e os depreciáveis Klar de Krynn, no cenário de Dragonlance.', 7.5, 50, 350, 'Médio', 'A maioria dos anões é leal, pois acreditam firmemente nos benefícios de uma sociedade bem organizada. Eles tendem para o bem, com um forte senso de honestidade e uma crença de que todos merecem compartilhar os benefícios de uma ordem social justa', 0, 0, 2, 1, 0, 0),
	('Anão da Montanha', 'Anão', 'Como um anão da montanha, você é forte e resistente, acostumados a uma vida difícil em terrenos difíceis. Você, provavelmente tem a descendência daqueles mais altos (para um anão) e tende a possuir uma coloração mais clara. Os anões do escudo do norte de Faerûn, bem como o clã governante Hylar e os clãs nobres Daewar de Dragonlance, são anões da montanha.', 7.5, 50, 350, 'Médio', 'A maioria dos anões é leal, pois acreditam firmemente nos benefícios de uma sociedade bem organizada. Eles tendem para o bem, com um forte senso de honestidade e uma crença de que todos merecem compartilhar os benefícios de uma ordem social justa', 2, 0, 2, 0, 0, 0),
	('Elfo', 'Elfo', null, 9, 100, 750, 'Médio', 'Elfos amam a liberdade, a diversidade e a expressão pessoal, então eles inclinam-se forte e suavemente para aspectos do caos. Eles valorizam e protegem a liberdade dos outros como a sua própria, e são geralmente mais bondosos que o contrário. Os drow são exceção. Seu exílio no Subterrâneo fez deles perversos e perigosos. Drow são geralmente mais maus que o contrário.', 0, 2, 0, 0, 0, 0),
	('Alto Elfo', 'Elfo', 'Como alto elfo, você possui uma mente afiada e um domínio da magia básico. Em muitos dos mundos de D&D, existem dois tipos de altos elfos. Um tipo (que inclui os elfos cinzentos e elfos do vale de Greyhawk, os Silvanesti de Dragonlance, e os elfos do sol dos Reinos Esquecidos) são arrogantes e reclusos, acreditando serem superiores aos não elfos e até mesmo a outros elfos. O outro tipo (como os altos elfos de Greyhawk, os Qualinesti de Dragonlance e os elfos da lua dos Reinos Esquecidos) são mais comuns e amigáveis, e muitas vezes encontrados entre humanos e outras raças. Os elfos do sol de Faerûn (também chamado de elfos dourados ou elfos do amanhecer) têm pele bronzeada e cabelos cor de cobre, negros ou louro dourado. Seus olhos são dourados, prateados ou negros. Os elfos da lua (também chamados de elfos de prata ou elfos cinzentos) são muito mais pálidos, com pele de alabastro por vezes tingida de azul. Normalmente, eles têm cabelos de um branco prateado, negros ou azuis, diversos tons de loiro, castanho e vermelho não são incomuns. Seus olhos são azuis ou verdes com manchas douradas.', 9, 100, 750, 'Médio', 'Elfos amam a liberdade, a diversidade e a expressão pessoal, então eles inclinam-se forte e suavemente para aspectos do caos. Eles valorizam e protegem a liberdade dos outros como a sua própria, e são geralmente mais bondosos que o contrário. Os drow são exceção. Seu exílio no Subterrâneo fez deles perversos e perigosos. Drow são geralmente mais maus que o contrário.', 0, 2, 0, 0, 1, 0),
	('Elfo da Floresta', 'Elfo', 'Como um elfo da floresta, você possui sentidos e intuição aguçados, seus pés ágeis guiam-no rápida e furtivamente através de suas florestas nativas. Essa categoria inclui os elfos selvagens (grugach) de Greyhawk e os Kagonesti de Dragonlance, bem como as raças chamadas de elfos da floresta em Greyhawk e nos Reinos Esquecidos. Em Faerûn, os elfos da floresta (também chamados de elfos selvagens, elfos verdes ou elfos do bosque) são reclusos e desconfiados dos não elfos. A pele dos elfos da floresta tende a ser de matiz cobreada, algumas vezes com traços esverdeados. Seu cabelo geralmente é castanho ou negro, mas ocasionalmente podem ser loiros ou cor de cobre. Seus olhos são verdes, castanhos ou cor de avelã.', 10.5, 100, 750, 'Médio', 'Elfos amam a liberdade, a diversidade e a expressão pessoal, então eles inclinam-se forte e suavemente para aspectos do caos. Eles valorizam e protegem a liberdade dos outros como a sua própria, e são geralmente mais bondosos que o contrário. Os drow são exceção. Seu exílio no Subterrâneo fez deles perversos e perigosos. Drow são geralmente mais maus que o contrário.', 0, 2, 0, 1, 0, 0),
	('Elfo Negro', 'Elfo', 'Descendentes de uma antiga sub-raça de elfos de pele negra, os drow foram banidos da superfície do mundo por seguirem a deusa Lolth pelo caminho do mal e corrupção. Agora, eles construíram sua própria civilização nas profundezas do Subterrâneo, moldados pelo Caminho de Lolth. Também conhecidos como elfos negros, os drow possuem pele negra similar a obsidiana polida e cabelos brancos opacos ou amarelo pálido. Normalmente eles possuem olhos muito pálidos (tão pálidos que são confundidos com olhos brancos) com tons de lilás, prata, rosa, vermelho e azul. Eles costumam ser menores e mais magros que a maioria dos elfos. Aventureiros drow são raros e a raça não existe em todo o mundo. Verifique com seu Mestre se a raça drow está disponível como personagem de jogador.', 9, 100, 750, 'Médio', 'Elfos amam a liberdade, a diversidade e a expressão pessoal, então eles inclinam-se forte e suavemente para aspectos do caos. Eles valorizam e protegem a liberdade dos outros como a sua própria, e são geralmente mais bondosos que o contrário. Os drow são exceção. Seu exílio no Subterrâneo fez deles perversos e perigosos. Drow são geralmente mais maus que o contrário.', 0, 2, 0, 0, 0, 1),
	('Halfling', 'Halfling', null, 7.5, 20, 150, 'Pequeno', 'A maioria dos halflings é leal e boa. Via de regra, eles possuem um bom coração e são amáveis, odeiam ver o sofrimento dos outros e não toleram a opressão. Eles também são muito ordeiros e tradicionais, fortemente apegados à sua comunidade e ao conforto de suas antigas tradições.', 0, 2, 0, 0, 0, 0),
	('Halfling Pés Leves', 'Halfling', 'Como um halfling pés-leves, você pode esconder-se facilmente, mesmo usando apenas outras pessoas como cobertura. Você geralmente é afável e se dá muito bem com os outros. Nos Reinos Esquecidos, os halflings pés-leves espalharam-se até os lugares mais distantes e são a variedade mais comum. Pés-leves são mais propensos à vontade de viajar do que os outros halflings, e muitas vezes vivem ao lado de outras raças ou levam uma vida nômade. No mundo de Greyhawk, estes halflings são chamados pés-peludos ou companheiros altos.', 7.5, 20, 150, 'Pequeno', 'A maioria dos halflings é leal e boa. Via de regra, eles possuem um bom coração e são amáveis, odeiam ver o sofrimento dos outros e não toleram a opressão. Eles também são muito ordeiros e tradicionais, fortemente apegados à sua comunidade e ao conforto de suas antigas tradições.', 0, 2, 0, 0, 0, 1),
	('Halfling Robusto', 'Halfling', 'Um halfling robustos é mais resistente do que a média de sua raça e possui certa resistência aos venenos. Alguns dizem que os robustos têm sangue dos anões. Nos Reinos Esquecidos, esses halflings são chamados de austeros, e são mais comuns no sul.', 7.5, 20, 150, 'Pequeno', 'A maioria dos halflings é leal e boa. Via de regra, eles possuem um bom coração e são amáveis, odeiam ver o sofrimento dos outros e não toleram a opressão. Eles também são muito ordeiros e tradicionais, fortemente apegados à sua comunidade e ao conforto de suas antigas tradições.', 0, 2, 1, 0, 0, 0),
	('Humano', 'Humano', null, 9, 20, 70, 'Médio', 'Os humanos não possuem inclinação a nenhuma tendência em especial. Os melhores e os piores são encontrados entre eles.', 1, 1, 1, 1, 1, 1),
	('Draconato', 'Draconato', 'Descendentes de dragões, como seus nomes demonstram, os draconatos andam orgulhosamente pelo mundo que os saúda com um temor incompreensível. Moldados por deuses dracônicos ou pelos próprios dragões, draconatos originalmente nasceram de ovos de dragão como uma raça única, combinando os melhores atributos de dragões e humanos. Alguns draconatos são servos fieis de dragões verdadeiros, outros formas as fileiras de soldados em grandes guerras e ainda existem os que encontram-se à toa, sem um objetivo claro na vida.', 9, 15, 80, 'Médio', 'Os draconatos tendem aos extremos, realizando uma escolha consciente de um lado ou do outro da guerra cósmica entre o bem e o mal (representada por Bahamut e Tiamat, espectivamente). A maioria dos draconatos é boa, mas os que vão para o lado de Tiamat podem se tornar vilões terríveis.', 2, 0, 0, 0, 0, 1),
	('Gnomo', 'Gnomo', null, 7.5, 40, 500, 'Pequeno', 'Os gnomos geralmente são bons. Os que tendem para a ordem são sábios, engenheiros, pesquisadores, escolásticos, investigadores ou inventores. Os que tendem ao caos são menestréis, engenhoqueiros, andarilhos ou joalheiros caprichosos. Gnomos são bons de coração e, até mesmo os trapaceiros entre eles tendem a ser mais brincalhões que perversos.', 0, 0, 0, 0, 2, 0),
	('Gnomo da Floresta', 'Gnomo', 'Como um gnomo da floresta, você possui um traquejo natural com ilusões e velocidade e furtividade naturais. Nos mundos de D&D, gnomos da floresta são raros e reservados. Eles vivem em comunidades escondidas em florestas silvestres, usando suas ilusões e truques para se esconderem das ameaças ou para mascarar sua fuga antes de serem detectados. Gnomos da floresta tendem a ser amigáveis com outros povos da floresta espirituosos e eles tem nos elfos e fadas bondosas como seus mais importantes aliados. Eles gnomos também fazem amizade com pequenos animais silvestres e contam com eles para obter informações sobre ameaças que estejam perambulando por suas terras.', 7.5, 40, 500, 'Pequeno', 'Os gnomos geralmente são bons. Os que tendem para a ordem são sábios, engenheiros, pesquisadores, escolásticos, investigadores ou inventores. Os que tendem ao caos são menestréis, engenhoqueiros, andarilhos ou joalheiros caprichosos. Gnomos são bons de coração e, até mesmo os trapaceiros entre eles tendem a ser mais brincalhões que perversos.', 0, 1, 0, 0, 2, 0),
	('Gnomo das Rochas', 'Gnomo', 'Como um gnomo das rochas, você possui uma inventividade e resistência naturais acima dos outros gnomos. A maioria dos gnomos nos mundos de D&D são gnomos das rochas, incluindo os gnomos engenhoqueiros do cenário de Dragonlance.', 7.5, 40, 500, 'Pequeno', 'Os gnomos geralmente são bons. Os que tendem para a ordem são sábios, engenheiros, pesquisadores, escolásticos, investigadores ou inventores. Os que tendem ao caos são menestréis, engenhoqueiros, andarilhos ou joalheiros caprichosos. Gnomos são bons de coração e, até mesmo os trapaceiros entre eles tendem a ser mais brincalhões que perversos.', 0, 0, 1, 0, 2, 0),
	('Meio-Elfo', 'Meio-Elfo', null, 9, 20, 180, 'Médio', 'Meio-elfos compartilham a veia caótica da sua herança élfica. Eles valorizam tanto a sua liberdade quanto sua expressão criativa, não demonstrando qualquer apresso por líderes ou seguidores. Eles se irritam com regras, ressentindo com exigências de outros e, as vezes, se provam incertos, ou pelo menos, imprevisíveis.', 0, 0, 0, 0, 0, 2),
	('Meio-Orc', 'Meio-Orc', null, 9, 14, 75, 'Médio', 'Meio-orcs tem uma tendência inata ao caos devido aos seus parentes orcs e não são fortemente inclinados ao bem. Meio-orcs que cresceram entre orcs e desejam viver e estão dispostos a passar sua vida entre eles, tendem a ser malignos.', 2, 0, 1, 0, 0, 0),
	('Tiefling', 'Tiefling', null, 9, 20, 80, 'Médio', 'Tieflings não possuem uma tendência inata ao mal, mas muitos acabam por abraçá-lo. Maligno ou não, uma natureza independente inclina a maioria dos tieflings ao alinhamento caótico.', 0, 0, 0, 0, 1, 2);

insert into Item (nomeItem, descricao, categoria, custo, moeda, peso)
	values
	('Armadura Leve Acolchoada', 'A armadura acolchoada consiste em camadas de panos acolchoados e batidos.', 'armaduraEscudo', 5, 'po', 4.0),
	('Armadura Leve Couro', 'O peitoral e as ombreiras da armadura de couro são feitos de couro que foi endurecido após ser fervido em óleo. O resto da armadura é feita de materiais mais macios e mais flexíveis', 'armaduraEscudo', 10, 'po', 5.0),
	('Armadura Leve Couro Batido', 'Feita de couro resistente, mas flexível, a armadura de couro batido é reforçada com rebites ou cravos', 'armaduraEscudo', 45, 'po', 6.5),
	('Armadura Média Gibão de Peles', 'Um gibão de peles é um armadura bruta consistindo de peles grossas. É comumente usada por tribos bárbaras, humanoides malignos e outros povos que não têm acesso às ferramentas e materiais necessários para criar uma armadura melhor', 'armaduraEscudo', 10, 'po', 6),
	('Armadura Média Camisão de Malha', 'Feito de anéis de metal intercalados, um camisão de cota de malha é usado entre as camadas de roupa. Essa armadura oferece proteção modesta para a parte superior do corpo de quem a usa e permite que o som dos anéis de metal, friccionados uns contra os outros, sejam amortecidos pelas camadas exteriores.', 'armaduraEscudo', 30, 'po', 10),
	('Armadura Média Brunea', 'Essa armadura consiste em um casaco e calças (e talvez uma saia separada) de couro coberto com peças sobrepostas de metal, assim como as escamas de peixe. O conjunto inclui manoplas', 'armaduraEscudo', 50, 'po', 22.5),
	('Armadura Média Peitoral', 'A armadura peitoral é constituída por um peitoral de metal usado com couro flexível em seu interior. Embora ele deixe as pernas e braços do usuário relativamente desprotegidos, essa armadura fornece boa proteção para seus órgãos vitais, deixando quem a usa relativamente sem restrições.', 'armaduraEscudo', 400, 'po', 10),
	('Armadura Média Meia-Armadura', 'Essa armadura é composta de placas de metal moldadas que cobrem a maior parte do corpo. Ela não inclui proteção para as pernas além de caneleiras fixadas com tiras de couro.', 'armaduraEscudo', 750, 'po', 20),
	('Armadura Pesada Cota de anéis', 'Esta armadura é feita de couro com pesados anéis presos a ela. Os anéis ajudam a reforçar a armadura contra golpes de espadas e machados. A cota de anéis é inferior à cota de malha e geralmente é vestida apenas por aqueles que não podem pagar por uma armadura melhor.', 'armaduraEscudo', 30, 'po', 20),
	('Armadura Pesada Cota de malha', 'Feita de anéis de metal entrelaçados, a cota de malha inclui uma camada de tecido acolchoado usada por baixo da malha de metal para evitar atrito e amortecer o impacto dos golpes. O conjunto inclui manoplas.', 'armaduraEscudo', 75, 'po', 27.5),
	('Armadura Pesada Cota de talas', 'Essa armadura é feita de tiras verticais de metal, rebitadas a um suporte de couro, usadas sobre um preenchimento de pano. Cotas de malha flexíveis protegem as articulações.', 'armaduraEscudo', 200, 'po', 30),
	('Armadura Pesada Placas', 'A armadura de placas consiste em placas de metal moldadas para cobrir todo o corpo. Inclui luvas, botas de couro pesadas, um capacete com viseira e espessas camadas de enchimento por baixo da armadura. Fivelas e tiras de couro distribuem o peso ao longo do corpo.', 'armaduraEscudo', 1500, 'po', 32.5),
	('Escudo', 'Um escudo é feito de madeira ou metal e é usado com uma mão. Empunhar um escudo aumenta sua Classe de Armadura em 2. Você só pode se beneficiar de um escudo por vez.', 'armaduraEscudo', 10, 'po', 3),
	('Adaga', null, 'Arma', 2, 'po', 0.5),
	('Azagaia', null, 'Arma', 5, 'pp', 1),
	('Bordão', null, 'Arma', 2, 'pp', 2),
	('Clava Grande', null, 'Arma', 2, 'pp', 5),
	('Foice Curta', null, 'Arma', 1, 'po', 1),
	('Lança', null, 'Arma', 1, 'po', 1.5),
	('Maça', null, 'Arma', 5, 'po', 2),
	('Machadinha', null, 'Arma', 5, 'po', 1),
	('Martelo Leve', null, 'Arma', 2, 'po', 1),
	('Porrete', null, 'Arma', 1, 'pp', 1),
	('Arco Curto', null, 'Arma', 25, 'po', 1),
	('Beste Leve', null, 'Arma', 25, 'po', 2.5),
	('Dardo', null, 'Arma', 5, 'pc', 0.1),
	('Funda', null, 'Arma', 1, 'pp', 0),
	('Alabarda', null, 'Arma', 20, 'po', 3),
	('Cimitarra', null, 'Arma', 25, 'po', 1.5),
	('Chicote', null, 'Arma', 2, 'po', 1.5),
	('Espada Curta', null, 'Arma', 10, 'po', 1),
	('Espada Grande', null, 'Arma', 50, 'po', 3),
	('Espada Longa', null, 'Arma', 15, 'po', 1.5),
	('Glaive', null, 'Arma', 20, 'po', 3),
	('Lança de Montaria', null, 'Arma', 10, 'po', 3),
	('Lança Longa', null, 'Arma', 5, 'po', 4),
	('Maça Estrela', null, 'Arma', 15, 'po', 2),
	('Machado Grande', null, 'Arma', 30, 'po', 3.5),
	('Machado de Batalha', null, 'Arma', 10, 'po', 2),
	('Malho', null, 'Arma', 10, 'po', 5),
	('Mangual', null, 'Arma', 10, 'po', 1),
	('Martelo de Guerra', null, 'Arma', 15, 'po', 1),
	('Picareta de Guerra', null, 'Arma', 5, 'po', 1),
	('Rapieira', null, 'Arma', 25, 'po', 1),
	('Tridente', null, 'Arma', 5, 'po', 2),
	('Arco Longo', null, 'Arma', 50, 'po', 1),
	('Besta de Mão', null, 'Arma', 75, 'po', 1.5),
	('Besta Pesada', null, 'Arma', 50, 'po', 4.5),
	('Rede', null, 'Arma', 1, 'po', 1.5),
	('Zarabatana', null, 'Arma', 10, 'po', 0.5),

	('Burro ou mula', null, 'Montaria', 8, 'po', 0),
	('Camelo', null, 'Montaria', 50, 'po', 0),
	('Cavalo de guerra', null, 'Montaria', 400, 'po', 0),
	('Cavalo de montaria', null, 'Montaria', 75, 'po', 0),
	('Cavalo pesado', null, 'Montaria', 50, 'po', 0),
	('Elefante', null, 'Montaria', 200, 'po', 0),
	('Mastim', null, 'Montaria', 25, 'po', 0),
	('Pônei', null, 'Montaria', 30, 'po', 0),

	('Carne, pedaço', null, 'Comes e Bebes', 3, 'pp', 0),
	('Cerveja Galão', null, 'Comes e Bebes', 2, 'pp', 0),
	('Cerveja Caneca', null, 'Comes e Bebes', 4, 'pc', 0),
	('Pão, pedaço', null, 'Comes e Bebes', 2, 'pc', 0),
	('Queijo, pedaço', null, 'Comes e Bebes', 1, 'pp', 0),
	('Vinho Comum (jarra)', null, 'Comes e Bebes', 2, 'pp', 0),
	('Vinho Fino (garrafa)', null, 'Comes e Bebes', 10, 'po', 0),
	
	('Ábaco', 'O ábaco é um instrumento de cálculo, formado por uma moldura com bastões ou arames paralelos, dispostos no sentido vertical, correspondentes cada um a uma posição digital (unidades, dezenas, etc.) e nos quais estão os elementos de contagem (fichas, bolas ou contas) que podem fazer-se deslizar livremente.', 'Equipamento de Aventura', 2, 'po', 1),
	('Ácido (vidro)', 'Usando uma ação, você pode despejar o conteúdo desse vidro em uma criatura a até 1,5 metro de você, ou arremessar o vidro a até 6 metros de distância, quebrando-o no impacto. Em ambos os casos, você deve realizar um ataque à distância contra uma criatura ou objeto, tratando o ácido como uma arma improvisada. Se acertar, o alvo sofre 2d6 de dano ácido.', 'Equipamento de Aventura', 25, 'po', 0.5),
	('Antídoto (vidro)', 'Uma criatura que beber o líquido desse vidro tem vantagem em testes de resistência contra venenos por 1 hora. O antídoto não confere nenhum benefício para mortos-vivos ou constructos.', 'Equipamento de Aventura', 50, 'po', 0),
	('Balas de Funda (20)', null, 'Equipamento de Aventura', 4, 'pc', 0.75),
	('Barril', null, 'Equipamento de Aventura', 2, 'po', 35),
	('Baú', null, 'Equipamento de Aventura', 5, 'po', 12.5),
	('Bolsa de componentes', 'Trata-se de uma pequena bolsa de couro à prova d''água que pode ser fixada em um cinto. Ela possui compartimentos para armazenar todos os componentes materiais e outros itens especiais que você precisa para lançar suas magias, exceto os componentes que possuem um custo específico (conforme indicado na descrição da magia).', 'Equipamento de Aventura', 25, 'po', 1),
	('Cantil', null, 'Equipamento de Aventura', 2, 'pp', 2.5),
	('Equipamento de pescaria', 'Este kit inclui uma vara de pesca de madeira, linha de seda, boias de cortiça, anzóis de aço, chumbadas, iscas e redes de pesca.', 'Equipamento de Aventura', 1, 'po', 2),
	('Flechas (20)', null, 'Equipamento de Aventura', 1, 'po', 0.5),
	('Lâmpada', 'Uma lâmpada lança luz plena em um raio de 4,5 metros e penumbra por mais 9 metros. Uma vez acesa, a lâmpada queima por 6 horas usando um frasco de óleo (500 ml).', 'Equipamento de Aventura', 5, 'pp', 0.5),
	('Livro', 'Um livro pode conter poesia, relatos históricos, informações relativas a um campo particular de sabedoria, diagramas e notas sobre engenhocas gnômicas, ou qualquer outra coisa que possa ser representada usando texto ou imagens. Um livro com magias é um grimório, também descrito nessa seção', 'Equipamento de Aventura', 25, 'po', 2.5),
	('Luneta', 'Objetos vistos através de uma luneta são ampliados até o dobro do seu tamanho. ', 'Equipamento de Aventura', 1000, 'po', 0.5),
	('Martelo', null, 'Equipamento de Aventura', 1, 'po', 1.5),
	('Mochila', null, 'Equipamento de Aventura', 2, 'po', 2.5),
	('Pá', null, 'Equipamento de Aventura', 2, 'po', 2.5),
	('Pergaminho (uma folha)', null, 'Equipamento de Aventura', 1, 'pp', 0),
	('Picareta de minerador', null, 'Equipamento de Aventura', 2, 'po', 5),
	('Poção de cura', 'Um personagem que beber o líquido vermelho mágico deste frasco recupera 2d4+2 pontos de vida. Beber ou administrar uma poção exige uma ação.', 'Equipamento de Aventura', 50, 'po', 0.25),
	('Rações de viagem (1 dia)', 'Rações de viajem consistem em alimentos desidratados adequados para viagens longas, incluindo carne seca, frutas secas, bolachas e nozes.', 'Equipamento de Aventura', 5, 'pp', 1),
	('Virotes (20)', null, 'Equipamento de Aventura', 1, 'po', 0.75),
	('Zarabatana (50)', null, 'Equipamento de Aventura', 1, 'po', 0.5),
	
	('Adaga de Envenenamento', 'Você recebe +1 de bônus nas jogadas de ataque e dano feitas com esta arma mágica. Você pode usar uma ação para fazer com que um veneno negro e viscoso cubra a lâmina. O veneno permanece por 1 minuto ou até que um ataque usando essa arma atinja uma criatura. Essa criatura deve ser bem sucedida num teste de resistência de Constituição CD 15 ou sofrerá 2d10 de dano de veneno e ficará envenenada por 1 minuto. A adaga não pode ser usada dessa forma novamente até o próximo amanhecer.', 'Item Mágico', 8000, 'po', 0),
	('Anel de Evasão', 'Este anel tem 3 cargas e recupera 1d3 cargas gastas diariamente ao amanhecer. Quando fracassa num teste de resistência de Destreza enquanto estiver usando ele, você pode usar sua reação para gastar 1 das cargas dele para obter sucesso no teste de resistência, ao invés.', 'Item Mágico', 18000, 'po', 0),
	('Armadura de Adamante', 'Esta armadura é reforçada com adamante, uma das substâncias mais duras que existe. Enquanto você estiver vestindo ela, qualquer acerto crítico contra você se torna um ataque normal.', 'Item Mágico', 4000, 'po', 0),
	('Bolsa Devoradora', 'Esta bolsa lembra superficialmente uma mochila de carga, mas é um orifício alimentar de uma criatura extradimensional gigantesca. A criatura extradimensional ligada a bolsa pode sentir o que quer que seja colocado dentro da bolsa. Matéria animal ou vegetal colocada totalmente dentro da bolsa é devorada e perdida para sempre. Quando parte de uma criatura vida é colocada na bolsa, como acontece quando alguém tenta pegar algo dentro dela, existe 50 por cento de chance da criatura ser puxada para dentro da bolsa. Uma criatura dentro da bolsa pode usar sua ação para tentar escapar com um sucesso num teste de Força CD 15. Outra criatura pode usar sua ação para alcançar uma criatura dentro da bolsa e puxa-la, fazendo isso com um teste de Força CD 20 bem sucedido (considerando que ela não tenha sido puxada para dentro da bolsa antes). Qualquer criatura que comece seu turno dentro da bolsa é devorada e seu corpo é destruído. Objetos inanimados podem ser armazenados na bolsa, que pode comportar até 30 centímetros cúbicos de tal material. Porém, uma vez por dia, a bolsa engole quaisquer objetos dentro dela e os cospe em outro plano de existência. O Mestre determina aleatoriamente o momento e plano. Se a bolsa for perfurada ou rasgada, ela é destruída e qualquer coisa contida nela é transportada para um local aleatório no Plano Astral.', 'Item Mágico', 20000, 'po', 0),
	('Escudo +1', 'Enquanto estiver segurando este escudo, você tem um bônus na CA determinado por sua raridade. Este bônus é adicionado ao bônus normal do escudo na CA.', 'Item Mágico', 5000, 'po', 0),
	('Escudo +2', 'Enquanto estiver segurando este escudo, você tem um bônus na CA determinado por sua raridade. Este bônus é adicionado ao bônus normal do escudo na CA.', 'Item Mágico', 20000, 'po', 0),
	('Escudo +3', 'Enquanto estiver segurando este escudo, você tem um bônus na CA determinado por sua raridade. Este bônus é adicionado ao bônus normal do escudo na CA.', 'Item Mágico', 50000, 'po', 0),
	('Escudo Animado', 'Enquanto estiver segurando este escudo, você pode falar sua palavra de comando, com uma ação bônus, para fazêlo se animar. O escudo salta no ar e flutua no seu espaço para proteger você como se você o estivesse usando, deixando suas mãos livres. O escudo permanece animado por 1 minuto, até você usar uma ação bônus para terminar este efeito ou até você ficar incapacitado ou morrer, nesse momento o escudo cai no chão ou em sua mão, caso você tenha uma mão livre.', 'Item Mágico', 20000, 'po', 0),
	('Espada do Furto de Vidas', 'Quando você ataca uma criatura com esta espada mágica e rola um 20 na jogada de ataque, o alvo sofre 10 de dano necrótico extra se ele não for um constructo ou mortovivo. Você também ganha 10 pontos de vida temporários.', 'Item Mágico', 3000, 'po', 0),
	('Ferraduras do Zéfiro', 'Estas ferraduras de ferro vêm em um conjunto de quatro. Enquanto todas as ferraduras estiverem fixadas nos cascos de um cavalo ou criatura similar, elas permitirão que a criatura se mova normalmente enquanto flutua a 10 centímetros do solo. Esse efeito significa que a criatura pode cruzar ou ficar sobre superfícies não-sólidas ou instáveis, como água ou lava. A criatura não deixa rastros e ignora terrenos difíceis. Além disso, a criatura pode se mover com seu deslocamento normal por 1 horas por dia sem sofrer de exaustão pela marcha forçada.', 'Item Mágico', 20000, 'po', 0),
	('Filtro do Amor', 'Da próxima vez que você vir uma criatura dentro de 10 minutos após beber esse filtro, você fica enfeitiçado por essa criatura por 1 hora. Se a criatura for da espécie ou gênero que você normalmente é atraído, você a reconhece como seu amor verdadeiro enquanto estiver enfeitiçado. O líquido efervescente de coloração rosa desta poção contém uma bolha em formato de coração difícil de perceber.', 'Item Mágico', 500, 'po', 0),
	('Manto de Invisibilidade', 'Enquanto estiver usando este manto, você pode colocar o capuz dele sobre sua cabeça para se tornar invisível. Enquanto estiver invisível, qualquer coisa que você esteja carregando ou vestindo fica invisível com você. Você se torna visível quando remove o capuz. Colocar ou retirar o capuz requer uma ação. Deduza o tempo que você ficar invisível, em incrementos de 1 minuto, da duração máxima do manto de 2 horas. Após 2 horas de uso, o manto para de funcionar. Para cada período ininterrupto de 12 horas que o manto ficar sem uso, ele recupera 1 hora de duração.', 'Item Mágico', 100000, 'po', 0),
	('Marca Congelante', 'Quando você atinge um ataque usando esta espada mágica, o alvo sofre 1d6 de dano de frio extra. Além disso, enquanto estiver empunhando a espada, você tem resistência a dano de fogo. Em temperaturas congelantes, a lâmina emite luz plena num raio de 3 metros e penumbra por mais 3 metros adicionais. Quando você sacar essa arma, você pode extinguir todas as chamas não-mágicas a até 9 metros de você. Essa propriedade pode ser usada até uma vez por hora.', 'Item Mágico', 25000, 'po', 0),
	('Robe do Arquimago', 'Esta vestimenta elegante é feita de tecidos exóticos de cores branca, cinza ou preta e adornados com runas prateadas. A cor do robe corresponde à tendência para qual o item foi criado. Um robe branco foi feito para boa, cinza para neutra e preto para má. Você não pode se 205 sintonizar a um robe do arquimago que não corresponda à sua tendência. Você ganha os seguintes benefícios enquanto estiver vestindo o robe:<ul><li>Se você não estiver vestindo uma armadura, sua Classe de Armadura base é 15 + seu modificador de Destreza.</li><li>Você tem vantagem nos testes de resistência contra magias e outros efeitos mágicos.</li><li>A CD de resistência de suas magias e seu bônus de ataque de magia aumentam em +2 cada.</li></ul>', 'Item Mágico', 250000, 'po', 0),
	('Varinha de Bolas de Fogo', 'Esta varinha possui 7 cargas. Enquanto empunha-la, você pode usar uma ação para gastar 1 ou mais de suas cargas para conjurar a magia bola de fogo (CD de resistência 15) através dela. Com 1 carga, você conjura a versão de 3° nível da magia. Você pode aumentar o espaço de magia em um para cada carga adicional que você gastar. A varinha recupera 1d6 + 1 cargas gastar diariamente ao amanhecer. Se você gastar a última carga da varinha, role um d20. Em um 1, a varinha se desfaz em cinzas e é destruída', 'Item Mágico', 12000, 'po', 0),
	('Vingadora Sagrada', 'Você recebe +3 de bônus nas jogadas de ataque e dano feitas com esta arma mágica. Quando você atinge um corruptor ou morto-vivo com ela, a criatura sofre 2d10 de dano radiante extra. Enquanto estiver empunhando a espada, ela cria uma aura de 3 metros de raio em sua volta. Você e todas as criaturas amigáveis a você dentro da aura tem vantagem nos testes de resistência contra magias ou outros efeitos mágicos. Se você tiver 17 ou mais níveis da classe paladino, o raio da aura aumenta para 9 metros.', 'Item Mágico', 350000, 'po', 0);

insert into Arma (nomeItem, tipo, dano)	
	values
	('Adaga', 'Armas Simples Corpo-a-Corpo', '1d4 perfurante'),
	('Azagaia', 'Armas Simples Corpo-a-Corpo', '1d6 perfurante'),
	('Bordão', 'Armas Simples Corpo-a-Corpo', '1d6 perfurante'),
	('Clava Grande', 'Armas Simples Corpo-a-Corpo', '1d8 perfurante'),
	('Foice Curta', 'Armas Simples Corpo-a-Corpo', '1d4 perfurante'),
	('Lança','Armas Simples Corpo-a-Corpo', '1d6 perfurante'),
	('Maça', 'Armas Simples Corpo-a-Corpo', '1d6 perfurante'),
	('Machadinha', 'Armas Simples Corpo-a-Corpo', '1d6 perfurante'),
	('Martelo Leve', 'Armas Simples Corpo-a-Corpo', '1d4 perfurante'),
	('Porrete', 'Armas Simples Corpo-a-Corpo', '1d4 perfurante'),
	('Arco Curto', 'Armas Simples à Distância', '1d6 perfurante'),
	('Beste Leve', 'Armas Simples à Distância', '1d8 perfurante'),
	('Dardo', 'Armas Simples à Distância', '1d4 perfurante'),
	('Funda', 'Armas Simples à Distância', '1d4 perfurante'),
	('Alabarda', 'Armas Marciais Corpo-a-Corpo', '1d10 perfurante'),
	('Cimitarra', 'Armas Marciais Corpo-a-Corpo', '1d6 perfurante'),
	('Chicote', 'Armas Marciais Corpo-a-Corpo', '1d4 perfurante'),
	('Espada Curta', 'Armas Marciais Corpo-a-Corpo', '1d6 perfurante'),
	('Espada Grande', 'Armas Marciais Corpo-a-Corpo', '1d6 perfurante'),
	('Espada Longa', 'Armas Marciais Corpo-a-Corpo', '1d8 perfurante'),
	('Glaive', 'Armas Marciais Corpo-a-Corpo', '1d10 perfurante'),
	('Lança de Montaria', 'Armas Marciais Corpo-a-Corpo', '1d12 perfurante'),
	('Lança Longa', 'Armas Marciais Corpo-a-Corpo', '1d10 perfurante'),
	('Maça Estrela', 'Armas Marciais Corpo-a-Corpo', '1d8 perfurante'),
	('Machado Grande', 'Armas Marciais Corpo-a-Corpo', '1d12 perfurante'),
	('Machado de Batalha', 'Armas Marciais Corpo-a-Corpo', '1d8 perfurante'),
	('Malho', 'Armas Marciais Corpo-a-Corpo', '2d6 perfurante'),
	('Mangual', 'Armas Marciais Corpo-a-Corpo', '1d8 perfurante'),
	('Martelo de Guerra', 'Armas Marciais Corpo-a-Corpo', '1d8 perfurante'),
	('Picareta de Guerra', 'Armas Marciais Corpo-a-Corpo', '1d8 perfurante'),
	('Rapieira', 'Armas Marciais Corpo-a-Corpo', '1d8 perfurante'),
	('Tridente', 'Armas Marciais Corpo-a-Corpo', '1d6 perfurante'),
	('Arco Longo', 'Armas Marciais à Distância', '1d8 perfurante'),
	('Besta de Mão', 'Armas Marciais à Distância', '1d6 perfurante'),
	('Besta Pesada', 'Armas Marciais à Distância', '1d10 perfurante'),
	('Rede', 'Armas Marciais à Distância', '-'),
	('Zarabatana', 'Armas Marciais à Distância', '1 perfurante');

insert into PropriedadeArma (nomePropriedade, descricao)	
	values
	('Acuidade', 'Quando realizar um ataque com uma arma com a propriedade acuidade, você pode escolher usar seu modificador de Força ou de Destreza para realizar a jogada de ataque e de dano. Você precisa usar o mesmo modificador para ambas as jogadas, ataque e dano.'),
	('Alcance', 'Essa arma adiciona 1,5 metro ao seu alcance quando você a usa para atacar. Essa propriedade também determina seu alcance ao realizar ataques de oportunidade com uma arma de alcance.'),
	('Arremesso', 'Se uma arma possuir a propriedade arremesso, você pode arremessar a arma para realizar um ataque à distância. Se essa arma for uma arma de ataque corpo-a-corpo, você usa o mesmo modificador de habilidade para as jogadas de ataque e dano que usaria para realizar um ataque corpo-a-corpo com a arma. Por exemplo, se você arremessar uma machadinha, ele usa seu modificador de Força, mas se arremessar uma adaga, você pode usar tanto seu modificador de Força quanto o de Destreza, pois a adaga possui a propriedade acuidade.'),
	('Distância', 'Uma arma que pode ser usada para realizar ataques à distância possui a distância mostrada entre parênteses após a propriedade munição ou arremesso. A distância lista dois números. O primeiro é a distância normal da arma, o segundo indica a distância máxima da arma, ambos em metros. Quando atacar um alvo que está além da distância normal da arma, você possui desvantagem na jogada de ataque. Você não pode atacar um alvo que esteja além da distância máxima da arma.'),
	('Duas Mãos', 'Essa arma requer as duas mãos para ser usada. Essa propriedade só é relevante quando você ataca com a arma, não enquanto apenas a segura.'),
	('Especial', 'Uma arma com a propriedade especial possui regras diferenciadas que detalham seu uso, explicado na descrição da arma (veja "Armas Especiais" mais adiante).'),
	('Leve', 'Uma arma leve é pequena e de fácil manuseio, tornando-a ideal para usar quando você está combatendo com duas armas. Veja as regras para combate com duas armas no capítulo 9.'),
	('Munição', 'Você pode usar uma arma que tenha a propriedade munição para realizar um ataque à distância, apenas se possuir munição para disparar a arma. Cada vez que você atacar com a arma, você gasta uma peça de munição. Sacar a munição de uma aljava, bolsa, ou outro recipiente faz parte do ataque. No fim da batalha, você pode recuperar metade de sua munição gasta, se tiver um minuto para procurar pelo campo de batalha. Recarregar uma arma de uma mão requer uma mão livre.'),
	('Pesada', 'Criaturas pequenas têm desvantagem nas jogadas de ataque com estas armas. O tamanho e o peso de uma arma pesada tornam-na muito grande para ser empunhada eficientemente por criaturas Pequenas.'),
	('Recarga', 'Devido o tempo necessário para recarregar essa arma, você pode disparar apenas uma peça de munição da arma quando usa uma ação, ação bônus, ou reação para disparar, não importando quantos ataques você possua.'),
	('Versátil', 'Essa arma pode ser usada com uma ou duas mãos. Um valor de dano aparece entre parênteses com a propriedade – é o dano da arma quando usada com as duas mãos para efetuar ataques corpo-a-corpo.');

insert into ArmaPropriedadeArma (nomeItem, nomePropriedade, descricao)
	values
	('Adaga', 'Acuidade', null),
	('Adaga', 'Leve', null),
	('Adaga', 'Arremesso', 'distancia 6/18'),
	('Azagaia', 'Arremesso', 'distancia 9/36'),
	('Bordão', 'Versátil', '1d8'),
	('Clava Grande', 'Pesada', null),
	('Clava Grande', 'Duas Mãos', null),
	('Foice Curta', 'Leve', null),
	('Lança', 'Arremesso', 'distancia 6/18'),
	('Lança', 'Versátil', '1d8'),
	('Machadinha', 'Leve', null),
	('Machadinha', 'Arremesso', 'distancia 6/18'),
	('Martelo Leve', 'Leve', null),
	('Martelo Leve', 'Arremesso', 'distancia 6/18'),
	('Porrete', 'Leve', null),
	('Arco Curto', 'Munição', 'distancia 24/96'),
	('Arco Curto', 'Duas Mãos', null),
	('Beste Leve', 'Munição', 'distancia 24/96'),
	('Beste Leve', 'Recarga', null),
	('Beste Leve', 'Duas Mãos', null),
	('Dardo', 'Acuidade', null),
	('Dardo', 'Arremesso', 'distancia 6/18'),
	('Funda', 'Munição', 'distancia 9/36'),
	('Alabarda', 'Pesada', null),
	('Alabarda', 'Alcance', null),
	('Alabarda', 'Duas Mãos', null),
	('Cimitarra', 'Acuidade', null),
	('Cimitarra', 'Leve', null),
	('Chicote', 'Acuidade', null),
	('Chicote', 'Alcance', null),
	('Espada Curta', 'Acuidade', null),
	('Espada Curta', 'Leve', null),
	('Espada Grande', 'Pesada', null),
	('Espada Grande', 'Duas Mãos', null),
	('Espada Longa', 'Versátil', '1d10'),
	('Glaive', 'Pesada', null),
	('Glaive', 'Alcance', null),
	('Glaive', 'Duas Mãos', null),
	('Lança de Montaria', 'Alcance', null),
	('Lança de Montaria', 'Especial', null),
	('Lança Longa', 'Pesada', null),
	('Lança Longa', 'Alcance', null),
	('Lança Longa', 'Duas Mãos', null),
	('Machado Grande', 'Pesada', null),
	('Machado Grande', 'Duas Mãos', null),
	('Machado de Batalha', 'Versátil', '1d10'),
	('Malho', 'Pesada', null),
	('Malho', 'Duas Mãos', null),
	('Martelo de Guerra', 'Versátil', '1d10'),
	('Rapieira', 'Acuidade', null),
	('Tridente', 'Arremesso', 'distancia 6/18'),
	('Tridente', 'Versátil', '1d8'),
	('Arco Longo', 'Munição', 'distancia 45/180'),
	('Arco Longo', 'Pesada', null),
	('Arco Longo', 'Duas Mãos', null),
	('Besta de Mão', 'Munição', 'distancia 9/36'),
	('Besta de Mão', 'Leve', null),
	('Besta de Mão', 'Recarga', null),
	('Besta Pesada', 'Munição', 'distancia 30/120'),
	('Besta Pesada', 'Pesada', null),
	('Besta Pesada', 'Recarga', null),
	('Besta Pesada', 'Duas Mãos', null),
	('Rede', 'Especial', null),
	('Rede', 'Arremesso', 'distancia 1.5/4.5');

insert into Montaria (nomeItem, deslocamento, capacidadeCarga)	
	values
	('Burro ou mula', 12, 210),
	('Camelo', 15, 240),
	('Cavalo de guerra', 18, 270),
	('Cavalo de montaria', 18, 220),
	('Cavalo pesado', 12, 270),
	('Elefante', 12, 660),
	('Mastim', 12, 100),
	('Pônei', 12, 115);

insert into Tempo (tipo, equipar, desequipar, medida)	
	values
	('Armadura Leve', 1, 1, 'minuto'),
	('Armadura Média', 5, 1, 'minuto'),
	('Armadura Pesada', 10, 5, 'minuto'),
	('Escudo', 1, 1, 'ação');

insert into ArmaduraEscudo (nomeItem, classeArmadura, modificadorDes, maxModificador, forcaNecessaria, tipo, furtividade)	
	values
	('Armadura Leve Acolchoada', 11, true, null, 0, 'Armadura Leve', true),
	('Armadura Leve Couro', 11, true,  null, 0, 'Armadura Leve', false),
	('Armadura Leve Couro Batido', 12, true,  null, 0, 'Armadura Leve', false),	
	('Armadura Média Gibão de Peles', 12, true,  2, 0, 'Armadura Média', false),	
	('Armadura Média Camisão de Malha', 13, true,  2, 0, 'Armadura Média', false),	
	('Armadura Média Brunea', 14, true,  2, 0, 'Armadura Média', true),	
	('Armadura Média Peitoral', 14, true,  2, 0, 'Armadura Média', false),	
	('Armadura Média Meia-Armadura', 15, true,  2, 0, 'Armadura Média', true),	
	('Armadura Pesada Cota de anéis', 15, false, null, 0, 'Armadura Pesada', true),	
	('Armadura Pesada Cota de malha', 16, false, null, 13, 'Armadura Pesada', true),	
	('Armadura Pesada Cota de talas', 17, false, null, 15, 'Armadura Pesada', true),	
	('Armadura Pesada Placas', 18, false, null, 15, 'Armadura Pesada', true),	
	('Escudo', 2, false, null, 0, 'Escudo', false);

insert into ItemMagico (nomeItem, tipo, raridade, requisito)	
	values
	('Adaga de Envenenamento', 'Arma (adaga)', 'Raro', null),
	('Anel de Evasão', 'Anel', 'Rara', 'requer sintonização'),
	('Armadura de Adamante', 'Armadura (média ou pesada)', 'Incomum', null),
	('Bolsa Devoradora', 'Item Maravilhoso', 'Muito Raro', null),
	('Escudo +1', 'Armadura (escudo)', 'Incomum', null),
	('Escudo +2', 'Armadura (escudo)', 'Raro', null),
	('Escudo +3', 'Armadura (escudo)', 'Muito Raro', null),
	('Escudo Animado', 'Armadura (escudo)', 'Muito Raro', 'requer sintonização'),
	('Espada do Furto de Vidas', 'Arma (qualquer espada)', 'Raro', 'requer sintonização'),
	('Ferraduras do Zéfiro', 'Item Maravilhoso', 'Muito Raro', null),
	('Filtro do Amor', 'Poção', 'Incomum', null),
	('Manto de Invisibilidade', 'Item Maravilhoso', 'Lendário', 'requer sintonização'),
	('Marca Congelante', 'Arma (qualquer espada)', 'Muito Raro', 'requer sintonização'),
	('Robe do Arquimago', 'Item Maravilhoso', 'Lendário', 'requer sintonização com um bruxo, feiticeiro ou mago'),
	('Varinha de Bolas de Fogo', 'Varinha', 'Raro', 'requer sintonização com um conjurador'),
	('Vingadora Sagrada', 'Arma (qualquer espada)', 'Lendário', 'requer sintonização com um paladino');

insert into Antecedente (nomeAntecedente)
	values
	('Acólito'),
	('Artesão de Guilda'),
	('Artista'),
	('Charlatão'),
	('Criminoso'),
	('Eremita'),
	('Forasteiro'),
	('Herói do Povo'),
	('Marinheiro'),
	('Nobre'),
	('Orfão'),
	('Sábio'),
	('Soldado');

insert into AntecedentePericia (nomeAntecedente, nomePericia)
	values
	('Acólito', 'Intuição'),
	('Acólito', 'Religião'),
	('Artesão de Guilda', 'Intuição'),
	('Artesão de Guilda', 'Persuasão'),
	('Artista', 'Acrobacia'),
	('Artista', 'Atuação'),
	('Charlatão', 'Enganação'),
	('Charlatão', 'Prestidigitação'),
	('Criminoso', 'Enganação'),
	('Criminoso', 'Furtividade'),
	('Eremita', 'Medicina'),
	('Eremita', 'Religião'),
	('Forasteiro', 'Atletismo'),
	('Forasteiro', 'Sobrevivência'),
	('Herói do Povo', 'Adestrar Animais'),
	('Herói do Povo', 'Sobrevivência'),
	('Marinheiro', 'Atletismo'),
	('Marinheiro', 'Percepção'),
	('Nobre', 'História'),
	('Nobre', 'Persuasão'),
	('Orfão', 'Furtividade'),
	('Orfão', 'Prestidigitação'),
	('Sábio', 'Arcanismo'),
	('Sábio', 'História'),
	('Soldado', 'Atletismo'),
	('Soldado', 'Intimidação');

insert into Deus (nomeDeus, mitologia, dominio, tendencia, simbolo, descricao) 
	values
	('O Daghdha', 'Celta', 'Enganação, Natureza', 'CB', 'Caldeirão borbulhante ou escudo', 'deus do clima e das colheitas'),
	('Arawn', 'Celta', 'Morte, Vid', 'NM', 'Estrela negra num fundo cinza', 'deus da vida e da morte'),
	('Belenus', 'Celta', 'Luz', 'NB', 'Disco solar e monólitos', 'deus do sol, da luz e do calor'),
	('Brigantia', 'Celta', 'Vida', 'NB', 'Passarela', 'deusa dos rios e da pecuária'),
	('Diancecht', 'Celta', 'Vida', 'LB', 'Ramos de carvalho e visco cruzados', 'deus da medicina e da cura'),
	('Dunatis', 'Celta', 'Natureza', 'N', 'Sol vermelho encoberto pelo pico da montanha', 'deus das montanhas e dos picos'),
	('Goibhniu', 'Celta', 'Conhecimento, Vida', 'NB', 'Marreta gigante sobre espada', 'deus da ferraria e da cura'),
	('Lugh', 'Celta', 'Conhecimento, Vida', 'CN', 'Par de mão longas', 'deus das artes, da viagem e do comércio'),
	('Manannan mac Lir', 'Celta', 'Natureza, Tempestade', 'LN', 'Onda de água branca no gramado', 'deus dos oceanos e das criaturas marinhas'),
	('Math Mathonwy', 'Celta', 'Conhecimento', 'NM', 'Cajado', 'deus da magia'),
	('Morrigan', 'Celta', 'Guerra', 'CM', 'Duas lanças cruzadas', 'deusa da batalha'),
	('Nuada', 'Celta', 'Guerra', 'N', 'Mão prateada num fundo preto', 'deus da guerra e dos guerreiros'),
	('Oghma', 'Celta', 'Conhecimento', 'NB', 'Pergaminho desfraldado', 'deus da fala e da escrita'),
	('Silvanus', 'Celta', 'Natureza', 'N', 'Carvalho no verão', 'deus da natureza e das florestas'),
	('Zeus', 'Grega','Tempestade','N','Punho cheio de relâmpagos','deus dos céus, senhor dos deuses'),
	('Afrodite', 'Grega','Luz','CB','Concha do mar','deusa do amor e da beleza'),
	('Apolo', 'Grega','Conhecimento, Luz, Vida','CB','Lira','deus da luz, música e da cura'),
	('Ares', 'Grega','Guerra','CM','Lança','deus da guerra e do conflito'),
	('Artêmis', 'Grega','Natureza, Vida','NB','Arco e flecha num disco lunar','deusa da caça e do nascimento'),
	('Atena', 'Grega','Conhecimento, Guerra','LB','Coruja','deusa da sabedoria e da civilização'),
	('Demeter', 'Grega','Vida','BN','Cabeça de égua','deusa da agricultura'),
	('Dionísio', 'Grega','Vida','CN','Thyrsus (cajado com ponta cônica de pinho)','deus da alegria e do vinho'),
	('Hades', 'Grega','Morte','LM','Carneiro negro','deus do submundo'),
	('Hecate', 'Grega','Conhecimento, Enganação','CM','Ocaso lunar','deusa da magia e da lua'),
	('Hefesto', 'Grega','Conhecimento','NB','Martelo e bigorna','deus da forja e da construção'),
	('Hera', 'Grega','Enganação','CN','Leque de penas de pavão','deusa do casamento e da intriga'),
	('Hércules', 'Grega','Guerra, Tempestade','CB','Cabeça de leão','deus da força e da aventura'),
	('Hermes', 'Grega','Enganação','CB','Caduceus (cajado alado e serpentes)','deus da viagem e do comércio'),
	('Hestia', 'Grega','Vida','NB','Lareira','deusa do lar e da família'),
	('Nike', 'Grega','Guerra','LN','Mulher alada','deusa da vitória'),
	('Pã', 'Grega','Natureza','CN','Syrinx (flauta de pã)','deus da natureza'),
	('Poseidon', 'Grega','Tempestade','CN','Tridente','deus do mar e dos terremotos'),
	('Tyche', 'Grega','Enganação','N','Pentagrama vermelho','deusa da boa sorte'),
	('Re-Horakhty', 'Egípcia', 'Luz, Vida', 'LB', 'Disco solar envolto por uma serpente', 'deus do sol, senhor dos deuses'),
	('Anúbis', 'Egípcia', 'Morte', 'LN', 'Chacal negro', 'deus do julgamento e da morte'),
	('Apep', 'Egípcia', 'Enganação', 'NM', 'Serpente flamejante', 'deus do mal, fogo e das serpentes'),
	('Bast', 'Egípcia', 'Guerra', 'CB', 'Gato', 'deusa dos gatos e da vingança'),
	('Bes', 'Egípcia', 'Enganação', 'CN', 'Imagem do deus deformado', 'deus da sorte e da música'),
	('Hathor', 'Egípcia', 'Luz, Vida', 'NB', 'Cabeça de vaca com chifre e disco lunar', 'deusa do amor, da música e da maternidade'),
	('Imhotep', 'Egípcia', 'Conhecimento', 'NB', 'Pirâmide de degraus', 'deus dos ofícios e da medicina'),
	('Isis', 'Egípcia', 'Conhecimento, Vida, Vida', 'NB', 'Ankh e estrela', 'deusa da fertilidade e da magia'),
	('Nephthys', 'Egípcia', 'Morte', 'CN', 'Chifres em volta de um disco lunar', 'deusa da morte e da tristeza'),
	('Osíris', 'Egípcia', 'Natureza, Vida', 'LB', 'Gancho e mangual', 'deus da natureza e do submundo'),
	('Ptah', 'Egípcia', 'Conhecimento', 'LN', 'Touro', 'deus dos ofícios, do conhecimento e dos segredos'),
	('Set', 'Egípcia', 'Enganação, Morte, Tempestade', 'CM', 'Cobra enrolada', 'deus das trevas e das tempestades desérticas'),
	('Sobek', 'Egípcia', 'Natureza, Tempestade', 'LM', 'Cabeça de crocodilo com chifres e plumas', 'deus da água e dos crocodilos'),
	('Thoth', 'Egípcia', 'Conhecimento', 'N', 'Íbis', 'deus do conhecimento e da sabedoria'),
	('Odin', 'Nórdica', 'Conhecimento, Guerra', 'NB', 'Olho azul vigilante', 'deus do conhecimento e da guerra'),
	('Aegir', 'Nórdica', 'Tempestade', 'NM', 'Ondas oceânicas vigorosas', 'deus do mar e das tormentas'),
	('Balder', 'Nórdica', 'Luz, Vida', 'NB', 'Cálice de prata incrustado com gemas', 'deus da beleza e da poesia'),
	('Forseti', 'Nórdica', 'Luz', 'N', 'Cabeça de um homem barbudo', 'deus da justiça e da lei'),
	('Frey', 'Nórdica', 'Luz, Vida', 'NB', 'Espada grande azul-gelo', 'deus da fertilidade e do sol'),
	('Freya', 'Nórdica', 'Vida', 'NB', 'Falcão', 'deusa da fertilidade e do amor'),
	('Frigga', 'Nórdica', 'Luz, Vida', 'N', 'Gato', 'deusa do nascimento e da fertilidade'),
	('Heimdall', 'Nórdica', 'Guerra, Luz', 'LB', 'Trombeta', 'deus da vigilância e da lealdade'),
	('Hel', 'Nórdica', 'Morte', 'NM', 'Rosto de mulher, apodrecido de um lado', 'deusa do submundo'),
	('Hermod', 'Nórdica', 'Enganação', 'CN', 'Pergaminho alado', 'deus da sorte'),
	('Loki', 'Nórdica', 'Enganação', 'CM', 'Chamas', 'deus dos ladrões e da trapaça'),
	('Njord', 'Nórdica', 'Natureza, Tempestade', 'NB', 'Moeda de ouro', 'deus do mar e do vento'),
	('Odur', 'Nórdica', 'Luz', 'CB', 'Disco solar', 'deus da luz e do sol'),
	('Sif', 'Nórdica', 'Guerra', 'CB', 'Espada erguida', 'deusa da guerra'),
	('Sakadi', 'Nórdica', 'Natureza', 'N', 'Pico de montanha', 'deus da terra e das montanhas'),
	('Surtur', 'Nórdica', 'Guerra', 'LM', 'Espada flamejante', 'deus dos gigantes do fogo e da guerra'),
	('Thor', 'Nórdica', 'Guerra, Tempestade', 'CB', 'Martelo', 'deus das tempestades e do trovão'),
	('Thrym', 'Nórdica', 'Guerra', 'CM', 'Machado branco de duas lâminas', 'deus dos gigantes do gelo e do frio'),
	('Tyr', 'Nórdica', 'Conhecimento, Guerra', 'LN', 'Espada', 'deus da coragem e da estratégia'),
	('Uller', 'Nórdica', 'Natureza', 'CN', 'Arco longo', 'deus da caça e do inverno');

insert into Plano (nomePlano, descricao, corCortina, corPoco) 
	values
	('Plano Astral', 'O Plano Astral é um reino de pensamento e sonho, onde os visitantes viajam como almas desincorporadas para alcançar os Planos Exteriores. Ele é um grande mar prateado, tanto acima quanto abaixo, com mechas rodopiantes de estrias brancas e cinzas entre motes de luz similares a estrelas distantes. A maior parte do Mar Astral é uma vasta expansão vazia. Os visitantes ocasionalmente tropeção nos corpos petrificados de umdeus morto ou outros pedaços de rocha flutuando para sempre no vácuo prateado. Muito mais comuns são os poços de cores – poços mágicos de luz colorida que piscam como radiantes moedas rodopiantes. As criaturas no Plano Astral não envelhecem ou sofrem de fome ou sede. Por essa razão, humanoides que vivem no Plano Astral (como os githyanki) estabelecem postos em outros planos, frequentemente no Plano Material, para que assim suas crianças possam amadurecer. Um viajante no Plano Astral pode se mover ao simplesmente pensar em movimento, mas a distância tem pouco significado. Em combate, entretanto, o deslocamento de caminhada de uma criatura (em metros) é igual ao seu modificador de Inteligência. Quanto mais astuta uma criatura for, mais facilmente ela consegue controlar seus movimentos pelo ato de vontade.', NULL, NULL),
	('Plano Etéreo', 'O Plano Etéreo é uma dimensão nebulosa envolta em neblina. Suas “costas”, chamadas de Fronteira Etérea, sobrepõe o Plano Material e os Planos Interiores, assim, cada local desses planos tem um local correspondente no Plano Etéreo. A visibilidade na Fronteira Etérea é limitada a 18 metros. As profundezas do plano abrangem uma região de brumas e névoa chamada Profundeza Etérea, onde a visibilidade é limitada a 9 metros. Os personagens podem suar a magia forma etérea par entrar na Fronteira Etérea. A magia viagem planar permite transportar-se para a Fronteira Etérea ou para a Profundeza Etérea, mas, a não ser que o destino pretendido seja um local específico ou um círculo de teletransporte, o local de chegada pode ser em qualquer lugar do plano.', NULL,'Branco espiralado'),
	('Faéria','Faéria, também chamada de Plano das Fadas, é uma terra de luz tênue e maravilhas, um local de música e morte. É um reino de crepúsculo eterno, com luzes feéricas cintilantes balançando na brisa gentil e de vagalumes gordos zumbindo através de bosques e campos. O céu é aceso com cores desbotadas de um sol sempre poente, que nunca se põe realmente (ou nasce com esse propósito); ele permanece parado, sombrio e baixo no céu. Longe das áreas colonizadas governadas pelas fadas luminosas que compõem a Corte do Verão, a terra é um emaranhado de ganhos com espinhos afiados e pântanos xaroposos – território perfeito para as fadas sombrias caçarem suas presas. Faéria existe em paralelo ao Plano Material, uma dimensão alternativa que ocupa o mesmo espaço cosmológico. A paisagem de Faéria imita o mundo natural mas transforma suas características em formas espetaculares. Onde existe um vulcão no Plano Material, uma montanha coberta por cristais imensos que brilham com torres de fogo interno estarão em Faéria. Um rio longo e lamacento no Plano Material poderia ser ecoado como um límpido e sinuoso riacho de grande beleza. Um brejo poderia ser refletido como um vasto pântano negro de caráter sinistro. E entrar em Faéria através de ruínas antigas no Plano Material poderia colocar um viajante às portas do castelo de uma arquifada. Faéria é habitada por criaturas silvestres, como elfos, dríades, sátiros, pixies e sprites, assim como por centauros e criaturas mágicas como cães teleportadores, dragões-fada, entes e unicórnios. As regiões mais sombrias desse plano são lar de criaturas malévolas como bruxas, infectados, goblins, ogros e gigantes.', 'Branco opalescente', NULL),
	('Toril (Plano Material)', 'Em Toril (o mundo de fantasia heroica do cenário dos Reinos Esquecidos), cidades e reinos fantásticos estão em meio a restos de impérios antigos e reinos há muito esquecidos. O mundo é vasto, suas masmorras são ricas em história. Além do continente central de Faerûn, Toril inclui as regiões de Al-Qadim, Kara-Tur e Maztica.', 'Turquesa brilhante', 'Prata'),
	('Plano do Ar', 'A natureza essencial do ar é o movimento, animação e inspiração. O ar é o sopro de vida, os ventos da mudança, a brisa fresca que limpa as brumas da ignorância e a congestão de ideias antigas. O Plano do Ar é uma expansão aberta com ventos constantes de forças variáveis. Aqui e ali, pedaços de terra flutuam na imensidão – os restos de invasões fracassadas dos habitantes do Plano da Terra. Esses motes de terra servem como casa para as criaturas de ar elemental e muitos motes estão cobertos por uma vegetação exuberante. Outras criaturas vivem em bancos de nuvem infundidos com mágica suficiente para se tornarem superfícies sólidas, fortes o suficiente para sustentar cidades e castelos. Bancos de nuvens flutuantes podem obscurecer a visibilidade em qualquer direção do plano. Tempestades são frequentes, a maioria em conjunto com fortes trovoadas mas, ocasionalmente mais parecidas com violentos tornados ou poderosos furacões. O ar é suave, exceto perto do Plano da Água (onde ele é congelante) e do Plano do Fogo (onde ele é escaldante). Chuva e neve caem apenas na parte do plano mais próxima do Plano da Água. A maior parte do Plano do Ar é uma rede complexa de correntes e fluxos de ar e ventos chamado Labirinto dos Ventos. Ele varia de brisas densas até ventanias uivantes que podem despedaçar uma criatura. Até as criaturas voadoras mais hábeis devem navegar nessas correntes cuidadosamente, voando a favor dos ventos, não contra eles. Aqui e ali no meio do Labirinto dos Ventos existem reinos escondidos alcançáveis apenas ao seguir uma sequência específica de correntes de vento, e ainda assim, amplamente protegida contra atacantes. Um desses reinos é a fabulosa Aaqa, um domínio reluzente de espirais prateadas e jardins verdejantes acima de um fértil mote de terra. Os Duques dos Ventos de Aaqa são dedicados à ordem e ao bem, e eles mantem uma vigília cautelosa contra as depredações do mal elemental e da invasão do Caos Elemental. Eles são servidos pelos aarakocra e uma raça menos conhecida chamada de vaati. A região do Plano do Ar mais próxima da Grande Conflagração é chamada de Estreito do Siroco. Ventos quentes e secos lambem os motes de terra nessa área para secar e esterilizar pedaços de rocha. Gárgulas e outros aliados do Plano da Terra encontram-se aqui para empreender assaltos no reino de Aaqa. Entre o Mar de Fogo (no Plano do Fogo) e o Estreito do Siroco existe uma tempestade de fogo violenta chamada a Grande Conflagração, às vezes chamada de Plano das Cinzas. Ventos vociferantes do Plano do Ar misturam-se com tempestades de brasas e lava do Plano do Fogo para criar um fronte de tempestade interminável – uma muralha de chamas, fumaça e cinzas. As cinzas finas obscurecem a visão além de poucos metros, e os ventos esmagadores tornam a viagem difícil. Aqui e ali, as cinzas se aglomeram nos reinos flutuantes onde bandidos e fugitivos se abrigam. No outro extremo do plano, perto da Geada Eterna (o plano do gelo que margeia o Plano da Água), existe uma região de ventos gelados chamada Limite de Mistral. Essas ventanias levam nevascas para dentro Geada Eterna e para fora dela, em direção ao coração do plano. Motes de terra nesse extremo estão cobertos de neve e gelo.', 'Azul claro', NULL),
	('Arbórea', 'Maior que a vida, Arbórea é um lugar de ânimos violentos e afeições profundas, de caprichos suportados pelo aço e de paixões que queimam alegremente até se apagarem. Seus habitantes de natureza boa são dedicados a combater o mal, mas suas emoções descuidadas às vezes se libertam com consequências devastadoras. A raiva é tão comum e tão honrada quanto a alegria em Arbórea. Nela as montanhas e florestas são extravagantemente massivas e belas e cada clareira e corrente é habitada por espíritos da natureza que não toleram infrações. Os viajantes devem andar com cuidado.', NULL, 'Azul safira'),
	('Nove Infernos', 'Os Nove Infernos de Baator inflamam a imaginação dos viajantes, a ganância dos caçadores de tesouro e a fúria de batalha de todas as criaturas mortais. Ele é o plano supremo da ordem e do mal e a epítome da crueldade premeditada. Os diabos dos Nove Infernos são obrigados a obedecer as ordens de seus superiores, mas eles se rebelam dentro de suas castas individuais. A maioria empreende qualquer conspiração, não importa o quão torpe, para ter avanço pessoal. No topo mais elevado da hierarquia está Asmodeu, que ainda não foi superado. Se ele for derrotado, o vencedor irá governar o plano em seu lugar. Essa é a lei dos Nove Infernos.', NULL, 'Rubi');

insert into Regra (nomeRegra, nomePlano, descricao) 
	values
	('Projeção Astral', 'Plano Astral', 'Viajar através do Plano Astral por meio da magia projeção astral envolve projetar sua consciência nele, geralmente em busca de uma entrada para visitar um Plano Exterior. Já que os Planos Exteriores são mais estados de espírito do ser que locais físicos, isso permite que um personagem manifeste-se em um Plano Exterior como se ele tivesse viajado fisicamente para lá, mas como em um sonho. A morte de um personagem – tanto no Plano Astral quanto no plano de destino – não causa mazelas reais. Apenas cortando o cordão prateado de um personagem enquanto ele está no Plano Astral (ou a morte do seu corpo físico indefeso no Plano Material) pode resultar na morte verdadeira do personagem. Portanto, personagens de alto nível, às vezes, viajam para os Planos Exteriores através de projeção astral ao invés de buscar um portal ou usar uma magia mais direta. Poucas coisas podem romper o cordão prateado de um viajante, a mais comum é um vento psíquico (descrito adiante). As lendárias espadas prateadas dos githyanki também tem essa capacidade. Um personagem que viaje encarnado para o Plano Astral (por meio da magia viagem planar ou por um dos raros portais que leva diretamente a ele) não possuem cordão prateado.'),
	('Poços de Cores', 'Plano Astral', 'As passagens que levam do Plano Astral a outros planos aparecem em forma de poços bidimensionais de cores ondulantes de 1d6 x 3 metros de diâmetro. Viajar para outro plano requer a localização de um poço de cores que leve ao plano desejado. Essas passagens para outros planos podem ser identificadas pela cor, como mostradona tabela Poços de Cores Astrais. Encontrar o poço de cores correto é uma questão de sorte: localizar o correto leva 1d4 x 10 horas de viagem.'),
	('Vento Psíquico', 'Plano Astral', 'Um vento psíquico não é um vento físico como os encontrados no Plano Material, mas uma tempestade de pensamentos que se choca com a mente dos viajantes ao invés de com seus corpos. Um vento psíquico é feito de memórias perdidas, ideias esquecidas, pequenos devaneios e medos subconscientes que se extraviam no Plano Astral e se aglomeram nessa força poderosa. Um vento psíquico é sentido primeiramente como um escurecimento rápido do céu cinza-prateado. Após algumas rodadas, a área fica tão escura quanto uma noite sem lua. Conforme o céu escurece, o aventureiro sente pancadas e balanços, como se o próprio plano estivesse se rebelando contra a tempestade. Com a mesma velocidade que vem, o vento psíquico se vai e o céu volta ao normal em algumas rodadas. O vento psíquico tem dois tipos de efeitos: um efeito local e um efeito mental. Um grupo de viajantes juntos em uma jornada sofrem o mesmo efeito local. Cada viajante afetado pelo vento também deve realizar um teste de resistência de Inteligência CD 15. Se fracassar, o viajante sofre o efeito mental também. Role um d20 duas vezes e consulte a tabela Efeitos do Vento Psíquico para determinar os efeitos local e mental.'),
	('Encontros no Plano Astral', 'Plano Astral', 'Viajantes planares e refugiados de outros planos vagam pelas expansões do Plano Astral. Os moradores mais proeminentes do Plano Astral são os githyanki, uma raça forasteira de salteadores que navegam navios astrais lisos, assassinando viajantes astrais e saqueando planos tocados pelo Astral. A cidade deles, Tu’narath, flutua através do Plano Astral em um bloco rochoso que, na verdade é o corpo de um deus morto. Celestiais, corruptores e exploradores mortais frequentemente vão ao Plano Astral atrás de poços de cores que levam para destinos desejados. Os personagens que permanecerem por muito tempo no Astral poderiam ter um encontro com um ou mais anjos, demônios, diabos, bruxas da noite, yugoloths errante ou outros viajantes planares.'),
	('Fronteira Etérea', 'Plano Etéreo', 'A partir da Fronteira Etérea, um viajante pode ver através de qualquer plano que ela sobreponha, mas o plano parece abafado e indistinto, suas cores borram-se umas com as outras e suas bordas tornam-se imprecisas. Habitantes etéreos veem o plano como se olhassem através de um vidro fosco e distorcido e não podem ver nada além de 9 metros em outro plano. Reciprocamente, o Plano Etéreo geralmente é invisível para aqueles nos planos sobrepostos por ele, exceto com ajuda de magia.  Normalmente, as criaturas na Borda Etérea não podem atacar criaturas num plano sobreposto e vice versa. Um viajante no Plano Etéreo é invisível e totalmente silencioso para alguém num plano sobreposto e objetos sólidos no plano sobreposto não impedem o movimento de uma criatura na Borda Etérea. As exceções são certos efeitos mágicos (incluindo qualquer um feito de energia) e seres vivos. Isso faz do Plano Etéreo ideal para reconhecimento, espiar oponentes e se movimentar sem ser detectado. O Plano Etéreo também desobedece as leis da gravidade; uma criatura nele pode se mover para cima e para baixo com a mesma facilidade que anda.'),
	('Profundeza Etérea', 'Plano Etéreo', 'Para alcançar a Profundeza Etérea, é preciso da magia viagem planar ou chegar através da magia portal ou de um portal mágico. Os visitantes da Profundeza Etérea são engolfados por uma névoa turva. Espalhadas pelo plano estão cortinas de cores vaporosas e atravessar uma cortina leva um viajante para uma região da Borda Etérea ligada a um Plano Interior específico, ao Plano Material, à Faéria ou à Umbra. A cor da cortina indica o plano cuja Borda Etérea esconde a cortina. Viajar através da Profundeza Etérea para ir de um plano para outro é diferente de uma viagem física. A distância é insignificante, no entanto, os viajantes sentem como se eles pudessem se mover por um simples ato de vontade, é impossível medir a velocidade e é difícil medir a passagem de tempo. Uma viagem entre planos através da Profundeza Etérea leva 1d10 x 10 horas, independentemente da origem e do destino. Em combate, no entanto, considere que as criaturas se movem com seu deslocamento normal.'),
	('Ciclones de Éter', 'Plano Etéreo', 'Um ciclone de éter é uma coluna serpentina que gira através do plano. O ciclone aparece abruptamente, distorcendo e arrancando formas etéreas no seu caminho e carregando os detritos por quilômetros. Os viajantes com um valor de Sabedoria (Percepção) passiva 15 ou maior recebem 1d4 rodada de aviso através de um zumbido profundo na matéria etérea. Os viajantes que não conseguirem alcançarem uma cortina ou portal que leve para outro lugar sofrem o efeito do ciclone.  O efeito mais comum de um ciclone de éter é estender a duração de uma jornada. Cada personagem em um grupo viajando juntos deve realizar um teste de resistência de Carisma CD 15. Se pelo menos metade do grupo passar, a viagem é atrasada em 1d10 horas. Do contrário, o tempo de jornada dobra. Com menos frequência, um grupo é soprado para a Fronteira Etérea de um plano aleatório. Raramente, o ciclone rasga um buraco no tecido do plano e arremessa o grupo no Plano Astral.'),
	('Encontros no Plano Etéreo', 'Plano Etéreo', 'A maioria dos encontros na Fronteira Etérea são com criaturas no Plano Material que sentem ou cujas habilidades se estendem para o Plano Etéreo (aranhas interplanares, por exemplo). Os fantasmas também se movem livremente entre os Planos Etéreo e Material. Na Profundeza Etérea, a maioria dos encontros são com outros viajantes, especialmente os dos Planos Interiores (como elementais, génios e salamandras), assim como celestiais, corruptores e fadas ocasionais.'),
	('As Fadas Luminosas e Sombrias', 'Faéria', 'Duas rainhas detém a corte em Faéria e a maioria das fadas devem fidelidade a uma ou a outra. Rainha Titania e sua Corte do Verão governam as fadas luminosas, e a Rainha do Ar e das Trevas, governante da Corte Crepuscular, governa as fadas sombrias. Luminosas e Sombrias não estão diretamente relacionadas com bem e mal, apesar de muitos mortais pensarem assim. Muitas fadas luminosas são boas e muitas fadas sombrias são más, mas a oposição de umas contra as outras decorre da rivalidade invejosa de suas rainhas, não de conceitos morais abstratos. Habitantes horrendos de Faéria, como os fomoris e as bruxas, quase nunca são membro de qualquer das cortes e fadas de espírito independente rejeitam as cortas inteiramente. As cortes batalha às vezes, mas elas também competem em disputas mais ou menos amigáveis e, até mesmo se aliam de formas rápidas e secretas.'),
	('Encruzilhadas Feéricas', 'Faéria', 'Encruzilhadas feéricas são locais de mistério e beleza no Plano Material que possuem uma simetria quase perfeita com Faéria, criando um portal onde os dois planos se tocam. Um viajante atravessa uma encruzilhada feérica ao entrar em uma clareira, vadear em uma poça, pisar em um círculo de cogumelos ou rastejar por baixo de um tronco de árvore. Para o viajante, é como se ele tivesse simplesmente caminhado para Faéria com um passo. Para um observador, o viajante em um momento está lá, e no outro se foi. Como outros portais entre planos, a maioria das encruzilhadas feéricas abrem-se com raridade. Uma encruzilhada poderia se abrir apenas durante a lua cheia, no raiar de um dia específico ou para alguém que carregue certo tipo de item. Uma encruzilhada feérica pode ser fechada permanentemente se a terra de qualquer dos lados se alterar drasticamente – por exemplo, se um castelo for construído sobre a clareira no Plano Material.'),
	('Regra Opcional: Mágica de Faéria', 'Faéria', 'Contos falam de crianças raptadas por criaturas feéricas e arrebatadas para Faéria, voltando para seus pais apenas anos mais tarde, sem envelhecerem um dia e sem lembranças de seus captores ou do reino de onde vieram. De forma similar, os aventureiros que retornam de uma excursão a Faéria frequentemente se assustam quando voltam e descobrem que o tempo fluiu diferentemente no Plano das Fadas e que suas memórias dessa visita estão bagunçadas. Você pode usar essas regras opcionais para refletir a mágica estranha que inunda o plano.'),
	('Perda de Memória', 'Faéria', 'Uma criatura que deixe Faéria deve realizar um teste de resistência de Sabedoria CD 10. Criaturas feéricas passam automaticamente nesse teste de resistência, assim como qualquer criatura, como elfos, que possuam o traço Ancestral Feérico. Uma criatura que falhe no teste de resistência não lembrará de nada do tempo que passou em Faéria. Se obtiver sucesso, as memórias da criatura permanecem intactas, mas estão um pouco embaralhadas. Qualquer magia que possa terminar uma maldição pode restaurar as memórias perdidas de uma criatura.'),
	('Distorção Temporal', 'Faéria', 'Enquanto o tempo parece passar normalmente em Faéria, os personagens poderiam passar um dia lá e perceber, após deixarem o plano, que menos ou mais tempo se passou em todos os outros lugares do multiverso. Sempre que uma criatura ou grupo de criatura deixar Faéria após passar pelo menos 1 dia no plano, você pode escolher uma mudança de tempo que funcione melhor para sua campanha, se aplicável, ou rolar na tabela Distorção Temporal de Faéria. A magia desejo pode ser usada para remover o efeito em até dez criaturas. Algumas fadas poderosas possuem habilidades de conceder tais desejos e poderiam fazê-lo caso os beneficiários concordem em se submeterem a magia missão e completar uma busca após a magia desejo ser conjurada.'),
	('Regra Opcional: Ansiedade Intensa', 'Arbórea', 'Mantenha-se a par de quantos dias um visitante passa em Arbórea. Quando o visitante for embora, ele deve realizar um teste de resistência de Carisma contra uma CD igual a 5 mais 1 para cada dia passado no lugar. Se fracassar, a criatura é afligida por uma vontade de voltar para Arbórea. Enquanto o efeito persistir, a criatura tem desvantagem em testes de habilidade. No final de um descanso curto, a criatura pode repetir o teste de resistência, terminando o efeito com um sucesso. Uma magia dissipar o bem e mal remove esse efeito da criatura.'),
	('Regra Opcional: Maldade Invasiva', 'Nove Infernos', 'O mal permeia os Nove Infernos e os visitantes desse plano sentem sua influência. No final de cada descanso longo feito nesse plano, um visitante que não seja maligno deve realizar um teste de resistência de Sabedoria CD 10. Se fracassar, a tendência da criatura muda para leal e mau. A mudança se torna permanente se a criatura não sair do plano dentro de 1d4 dias. Do contrário, a tendência da criatura volta ao normal após um dia passado num plano diferente dos Nove Infernos. Conjurar a magia dissipar o bem e mal na criatura também restaura sua tendência original.'),
	('As nove Camadas', 'Nove Infernos', 'Os Nove Infernos tem nove camadas. As oito primeiras, cada uma, governada por arquidiabos que respondem a Asmodeu, o Arquiduque de Nessus, a nona camada. Para chegar até as camadas mais profundas dos Nove Infernos, deve-se descer através de todas as oito canadas acima dela, em ordem. O meio mais célere de fazer isso é através do Rio Estige, que mergulha cada vez mais fundo conforme flui de uma camada para a próxima. Apenas os aventureiros mais corajosos conseguem suportar o tormento e horror dessa jornada. **Avernus**. Nenhum portal planar se liga diretamente às camadas inferiores dos Nove Infernos, por ordens de Asmodeu. Por isso, a primeira camada de Avernus é o ponto de chegada para os visitantes do plano. Avernus é um ermo rochoso com rios de sangue e nuvens de moscas picadoras. Cometas incandescentes caem ocasionalmente do céu negro e deixam crateras fumegantes para trás. Campos de batalha vazios estão repletos de armas e ossos, mostrando onde as legiões dos Nove Infernos encontraram seus inimigos no seu solo nativo e prevaleceram. A arquiduquesa Zariel governa Avernus, suplantando sua rival, Bel, que perdeu as graças de Asmodeu e foi forçada a servir como conselheira de Zariel. Tiamat, a Rainha dos Dragões Malignos, é prisioneira nessa camada, governando seu próprio domínio, mas confinada nos Nove Infernos por Asmodeu em acordo com algum contrato antigo (cujos termos são conhecidos apenas por Tiamat e pelos Lordes dos Nove). A sede do poder de Zariel é uma altaneira cidadela de basalto enfeitada com os corpos parcialmente incinerados de seus convidados que falharam em ganhar os favores da arquiduquesa. Zariel parece um anjo cuja bela pele e asas foram devastadas pelo fogo. Seus olhos queimam com uma luz branca furiosa que pode fazer as criaturas que a olharem se incendiarem. **Dis**. Dis, a segunda camada dos Nove Infernos, é um labirinto de desfiladeiros entalhado entre montanhas enormes ricas em minério de ferro. Estradas de ferro expalham-se e serpenteiam os desfiladeiros, vigiado pelas guarnições de fortalezas de ferro localizadas no topo de pináculos irregulares. A segunda camada recebe seu nome em homenagem ao seu lorde atual, Dispater. Um manipulador e enganador,o arquiduque é diabolicamente belo, portando apenas pequenos chifres, um rabo e um casco bifurcado esquerdo para distingui-lo de um humano. Seu trono carmesim fica no coração da Cidade de Ferro de Dis, uma metrópole hedionda que é a maior dos Nove Infernos. Viajantes planares vem aqui conspirar com diabos e para fechar acordos com bruxas da noite, rakshasas, íncubos, súcubos e outros corruptores. Dispater coleta uma cópia de cada contrato assinado em sua camada dos Nove Infernos. Dispater é um dos vassalos mais leais e engenhosos de Asmodeu, e poucos seres no multiverso conseguem engana-lo. Ele é mais obcecado que a maioria dos diabos em fechar acordos com mortais em troca de suas almas e seus emissários trabalham incansavelmente para fomentar tramas esquemas no Plano Material. **Minauros**. A terceira camada dos Nove Infernos é um pântano fedorento. Chuva ácida cai dos céus amarronzados da camada, densas camadas de escumalha cobrem sua superfície pútrida e fossos bocejantes aguardam abaixo do negrume para engolfar os andarilhos descuidados. Cidades ciclópicas de rochas entalhadas ricamente erguem-se do pântano, incluindo a grande cidade de Minauros da qual a camada recebe o nome. As muralhas viscosas da cidade erguem-se a centenas de metros no ar, protegendo os salões inundados de Mamon. O Arquiduque de Minauros lembra uma enorme serpente com a parte superior do dorso e cabeça de um humanoide chifrudo sem cabelo. A ganância de Mamon é lendária e ele é um dos poucos arquidiabos que irão trocar favores por ouro ao invés de almas. Seu covil é repleto de enormes pilhas de tesouros deixados para trás por aqueles que tentaram – e falharam – levar a melhor em um acordo com ele. **Flegetonte**. Flegetonte, a quarta camada, é uma paisagem ardente cujos mares de magma derretido infundem furacões de vento quente, fumaça asfixiante e cinzas piroclásticas. Dentro da caldeira cheia de fogo do maior vulcão de Flegetonte, ergue-se Abriymoch, a cidade-fortaleza feita de obsidiana e vidro negro. Com rios de lava derretida escorrendo por suas muralhas exteriores, a cidade lembra o centro esculpido de uma gigantesca fonte infernal. Abriymoch é a sede do poder para dois arquidiabos que governam Flegetonte em conjunto: Arquiduque Belial e Arquiduquesa Fierna, a filha de Belial. Belial é um belo diabo de compleição poderosa que exala civilidade, mesmo quando suas palavras carregam uma ameaça subliminar. Sua filha é uma diaba escultural cuja beleza reveste o coração mais negro dos Nove Infernos. A aliança entre Belial e Fierna é inquebrável, pois ambos estão cientes que sua sobrevivência mútua depende disso. **Estigia**. A quinta camada dos Nove Infernos é um reino congelante de gelo no qual gemas geladas queimam. Um mar congelado envolve a camada e seu céu lúgubre é rasgado por relâmpagos. Arquiduque Levisto certa vez traiu Asmodeu e agora está encarcerado nas profundezas do gelo de Estigia como punição. Ele governa sua camada mesmo assim, comunicando-se telepaticamente com seus seguidores e servos, tanto nos Nove Infernos quanto no Plano Material. Estigia também é lar de seu governante anterior, o arquidiabo serpentino Gerião, que foi dispensado por Asmodeu por permitir que o aprisionado Levisto recuperasse seu poder. A perda da graça de Gerião estimulou muito debate dentro das cortes infernais. Ninguém tem certeza se Asmodeu tem algum motivo secreto para dispensar o arquidiabo, ou se ele está testando a fidelidade de Gerião com um propósito maior. **Malebolgia.** Malebolgia, a sexta camada, já sustentou muitos governantes, dentre eles estão Malagard, a Condessa Bruxa e o arquidiabo Moloque. Malagard perdeu os favores e foi deposta por Asmodeu em um acesso de raiva, enquanto que seu predecessor, Moloque, ainda persiste em algum lugar na sexta camada como um imp, tramando para recuperar os favores de Asmodeu. Malebolgia parece uma encosta infinita, como as laterais de uma montanha impossivelmente imensa. Partes da camada se soltam de tempos em tempos, criando avalanches de pedra mortais e ensurdecedoras. Os habitantes de Malebolgia vivem em fortalezas desmoronadas e grandes cavernas escavadas na lateral da montanha. A arquiduquesa atual de Malebolgia é a filha de Asmodeu, Glacia. Ela lembra uma súcubo com seus pequenos chifres, asas de couro e rabo bifurcado. Ela herdou sua crueldade e amor por tramas sombrias de seu pai. A cidadela que serve como seu domicilio nas encostas de Malebolgia é sustentada por pilares e contrafortes rachados que são resistentes, mesmo parecendo estar à beira do colapso. Abaixo do palácio existe um labirinto de celas e câmaras de tortura enfileiradas, onde Glacia confina e atormenta aqueles que a desagradam. **Maladomini.** A sétima camada, Maladomini, é um ermo coberto de ruínas. Cidades mortas formam a paisagem de desolação urbana e entre elas existem pedreiras vazias, estradas desmoronadas, pilhas de escombros, a casca oca de fortalezas vazias e enxames de moscas famintas. O Arquiduque de Maladomini é Belzebu, o Senhor das Moscas. Um corruptor inchado com a parte inferior do corpo de uma lesma enorme. A forma de Belzebu foi infligida nele por Asmodeu com punição por sua lealdade duvidosa. Belzebu é uma monstruosidade miserável e degenerada que há muito conspira para usurpar Asmodeu, mesmo falhando todas as vezes. Ele carrega uma maldição que faz com que qualquer acordo feito com ele leve a calamidade. Asmodeu ocasionalmente presta favores a Belzebu por motivos que nenhum outro arquiduque consegue entender, apesar de alguns suspeitarem que o Arquiduque de Nessus ainda respeita o mérito de seu adversário caído. **Cánia.** Cánia, a oitava camada dos Nove Infernos, é uma paisagem infernal gelada, cujas tempestades de gelo podem arrancar a carne dos ossos. Cidades embutidas no gelo fornecem abrigo para os convidados e prisioneiros do governante de Cánia, o brilhante e conivente arquidiabo Mefistófeles. Mefistófeles vive na cidadela fria de Mefistar, onde ele trama usurpar o Trono de Baator e conquistar os planos. Ele é o maior inimigo e aliado de Asmodeu, e o Arquiduque de Nessus parece confiar no conselho de Mefistófeles quando esse é oferecido. Mefistófeles sabe que não pode depor Asmodeu até que seu adversário cometa um grave erro de cálculo e assim, ambos esperam para ver quais circunstâncias podem colocar um contra o outro. Mefistófeles também é padrinho de Glacia, complicando o relacionamento posteriormente. Mefistófeles é um diabo alto e atraente com chifres impressionantes e um comportamento frio. Ele negocia por almas, como outros arquidiabos fazem, mas ele raramente perde seu tempo com qualquer criatura que não mereça sua atenção pessoal. Seus instintos são como navalhas afiadas, assim como os ventos gelados de Cánia, e dizem que apenas Asmodeu já enganou ou frustrou ele. **Nessus.** A camada mais baixa dos Nove Infernos, Nessus é um reino de abismos escuros cujas paredes são fortalezas. Aqui, senhores das profundezas generais leais a Asmodeu agrupam suas legiões diabólicas e tramam para conquistar o multiverso. No ponto central da camada está uma vasta fissura de profundeza desconhecida, saindo dela ergue-se a grande cidadela-espiralada de Malsheem, lar de Asmodeu e de sua corte infernal. Malsheem lembra uma gigantesca estalagmite oca. A cidadela também é uma prisão para almas que Asmodeu trancafiou por questões de segurança. Convence-lo soltar mesmo uma dessas almas vem com um preço alto e dizem que o Arquiduque de Nessus já reivindicou reinos inteiros no passado por tais favores. Asmodeu geralmente aparece como um belo humanoide barbudo com pequenos chifres saindo de sua testa, penetrantes olhos vermelhos e robes leves. Ele também pode assumir outras formas e raramente é visto sem seu cetro de pontas de rubi na mão. Asmodeu é o mais astuto e educado dos arquidiabos. O mal definitivo que ele representa pode ser visto apenas quando ele assim deseja, ou caso ele esqueça quem é e entre em fúria.');

insert into Classe (nomeClasse,	descricao, habilidadePrimaria, habilidadeSecundaria, habilidadeSecundariaOpcional, testeResistenciaPrimario, testeResistenciaSecundario, dadoVida, modificadorVida,	progressaoPadraoVida) values 
	('Bárbaro', 'Um feroz guerreiro de origem primitiva que pode entrar em fúria durante uma batalha', 'Força', null, FALSE, 'Força', 'Constituição', 12, 'Constituição', 7),
	('Bardo', 'Um místico inspirador que possui poderes que ecoam a música da criação', 'Carisma', null, FALSE, 'Destreza', 'Carisma', 8, 'Constituição', 5),
	('Bruxo', 'Um portador de magia derivada de barganha com uma entidade planar', 'Carisma', null, FALSE, 'Sabedoria', 'Carisma', 8, 'Constituição', 5),
	('Clérigo', 'Um campeão sacerdotal que empunha magia divina a serviço de um poder maior', 'Sabedoria', null, FALSE, 'Sabedoria', 'Carisma', 8, 'Constituição', 5),
	('Druida', 'Um sacerdote da Crença Antiga, detentor dos poderes da natureza – luz da lua e crescimento das plantas, fogo e relâmpagos – e capaz de adotar formas animais', 'Sabedoria', null, FALSE, 'Inteligência', 'Sabedoria', 8, 'Constituição', 5),
	('Feiticeiro', 'Um conjurador que possui magia latente advinda de um dom ou linhagem', 'Carisma', null, FALSE, 'Constituição', 'Carisma', 6, 'Constituição', 4),
	('Guerreiro', 'Um mestre do combate, perito em uma vasta gama de armas e armaduras', 'Força', 'Destreza', TRUE, 'Força', 'Constituição', 10, 'Constituição', 6),
	('Ladino', 'Um trapaceiro que utiliza de furtividade e astúcia para sobrepujar os obstáculos e inimigos', 'Destreza', null, FALSE, 'Destreza', 'Inteligência', 8, 'Constituição', 5),
	('Mago', 'Um usuário de magia escolado, capaz de manipular as estruturas da realidade', 'Inteligência', null, FALSE, 'Inteligência', 'Sabedoria', 6, 'Constituição', 4),
	('Monge', 'Um mestre das artes marciais, utilizando o poder corporal para atingir a perfeição física e espiritual', 'Destreza', 'Sabedoria', FALSE, 'Força', 'Destreza', 8, 'Constituição', 5),
	('Paladino', 'Um guerreiro divino vinculado a um juramento sagrado', 'Força', 'Carisma', FALSE, 'Sabedoria', 'Carisma', 10, 'Constituição', 6),
	('Patrulheiro', 'Um guerreiro que utiliza de poderio marcial e magia natural para combater ameaças nos limites da civilização', 'Destreza', 'Sabedoria', FALSE, 'Força', 'Destreza', 10, 'Constituição', 6);

insert into Arquetipo(nomeArquetipo, nomeClasse) values 
	('Caminho do Furioso', 'Bárbaro'),
	('Caminho do Guerreiro Totêmico', 'Bárbaro'),
	('Colégio do Conhecimento', 'Bardo'),
	('Colégio da Bravura', 'Bardo'),
	('Arquifada', 'Bruxo'),
	('Corruptor', 'Bruxo'),
	('Grande Antigo', 'Bruxo'),
	('Domínio do Conhecimento', 'Clérigo'),
	('Domínio da Enganação', 'Clérigo'),
	('Domínio do Guerra', 'Clérigo'),
	('Domínio da Luz', 'Clérigo'),
	('Domínio da Natureza', 'Clérigo'),
	('Domínio da Tempestade', 'Clérigo'),
	('Domínio da Vida', 'Clérigo'),
	('Círculo da Terra', 'Druida'),
	('Círculo da Lua', 'Druida'),
	('Linhagem Dracônica', 'Feiticeiro'),
	('Magia Selvagem', 'Feiticeiro'),
	('Campeão', 'Guerreiro'),
	('Cavaleiro Arcano', 'Guerreiro'),
	('Mestre de Batalha', 'Guerreiro'),
	('Assassino', 'Ladino'),
	('Ladrão', 'Ladino'),
	('Trapaceiro Arcano', 'Ladino'),
	('Escola de Abjuração', 'Mago'),
	('Escola de Adivinhação', 'Mago'),
	('Escola de Conjuração', 'Mago'),
	('Escola de Encantamento', 'Mago'),
	('Escola de Evocação', 'Mago'),
	('Escola de Ilusão', 'Mago'),
	('Escola de Negromancia', 'Mago'),
	('Escola de Transmutação', 'Mago'),
	('Caminho da Mão Aberta', 'Monge'),
	('Caminho da Sombra', 'Monge'),
	('Caminho dos Quatro Elementos', 'Monge'),
	('Juramento de Devoção', 'Paladino'),
	('Juramento dos Anciões', 'Paladino'),
	('Juramento de Vingança', 'Paladino'),
	('Caçador', 'Patrulheiro'),
	('Mestre das Bestas', 'Patrulheiro');

insert into EspacoMagia (numeroTabela, linhaTabela, nivelMagia1, nivelMagia2, nivelMagia3, nivelMagia4, nivelMagia5, nivelMagia6, nivelMagia7, nivelMagia8, nivelMagia9) values 
    (1, 1, 2, 0, 0, 0, 0, 0, 0, 0, 0),
    (1, 2, 3, 0, 0, 0, 0, 0, 0, 0, 0),
    (1, 3, 4, 2, 0, 0, 0, 0, 0, 0, 0),
    (1, 4, 4, 3, 0, 0, 0, 0, 0, 0, 0),
    (1, 5, 4, 3, 2, 0, 0, 0, 0, 0, 0),
    (1, 6, 4, 3, 3, 0, 0, 0, 0, 0, 0),
    (1, 7, 4, 3, 3, 1, 0, 0, 0, 0, 0),
    (1, 8, 4, 3, 3, 2, 0, 0, 0, 0, 0),
    (1, 9, 4, 3, 3, 3, 1, 0, 0, 0, 0),
    (1, 10, 4, 3, 3, 3, 2, 0, 0, 0, 0),
    (1, 11, 4, 3, 3, 3, 2, 1, 0, 0, 0),
    (1, 12, 4, 3, 3, 3, 2, 1, 0, 0, 0),
    (1, 13, 4, 3, 3, 3, 2, 1, 1, 0, 0),
    (1, 14, 4, 3, 3, 3, 2, 1, 1, 0, 0),
    (1, 15, 4, 3, 3, 3, 2, 1, 1, 1, 0),
    (1, 16, 4, 3, 3, 3, 2, 1, 1, 1, 0),
    (1, 17, 4, 3, 3, 3, 2, 1, 1, 1, 1),
    (1, 18, 4, 3, 3, 3, 3, 1, 1, 1, 1),
    (1, 19, 4, 3, 3, 3, 3, 2, 1, 1, 1),
    (1, 20, 4, 3, 3, 3, 3, 2, 2, 1, 1),
    (2, 1, 0, 0, 0, 0, 0, 0, 0, 0, 0),
    (2, 2, 2, 0, 0, 0, 0, 0, 0, 0, 0),
    (2, 3, 3, 0, 0, 0, 0, 0, 0, 0, 0),
    (2, 4, 3, 0, 0, 0, 0, 0, 0, 0, 0),
    (2, 5, 4, 2, 0, 0, 0, 0, 0, 0, 0),
    (2, 6, 4, 2, 0, 0, 0, 0, 0, 0, 0),
    (2, 7, 4, 3, 0, 0, 0, 0, 0, 0, 0),
    (2, 8, 4, 3, 0, 0, 0, 0, 0, 0, 0),
    (2, 9, 4, 3, 2, 0, 0, 0, 0, 0, 0),
    (2, 10, 4, 3, 2, 0, 0, 0, 0, 0, 0),
    (2, 11, 4, 3, 3, 0, 0, 0, 0, 0, 0),
    (2, 12, 4, 3, 3, 0, 0, 0, 0, 0, 0),
    (2, 13, 4, 3, 3, 1, 0, 0, 0, 0, 0),
    (2, 14, 4, 3, 3, 1, 0, 0, 0, 0, 0),
    (2, 15, 4, 3, 3, 2, 0, 0, 0, 0, 0),
    (2, 16, 4, 3, 3, 2, 0, 0, 0, 0, 0),
    (2, 17, 4, 3, 3, 3, 1, 0, 0, 0, 0),
    (2, 18, 4, 3, 3, 3, 1, 0, 0, 0, 0),
    (2, 19, 4, 3, 3, 3, 2, 0, 0, 0, 0),
    (2, 20, 4, 3, 3, 3, 2, 0, 0, 0, 0);

insert into Atributo (nivel, nomeClasse, bonusProficiencia) values 
	(1, 'Bárbaro', 2),
	(2, 'Bárbaro', 2),
	(3, 'Bárbaro', 2),
	(4, 'Bárbaro', 2),
	(5, 'Bárbaro', 3),
	(6, 'Bárbaro', 3),
	(7, 'Bárbaro', 3),
	(8, 'Bárbaro', 3),
	(9, 'Bárbaro', 4),
	(10, 'Bárbaro', 4),
	(11, 'Bárbaro', 4),
	(12, 'Bárbaro', 4),
	(13, 'Bárbaro', 5),
	(14, 'Bárbaro', 5),
	(15, 'Bárbaro', 5),
	(16, 'Bárbaro', 5),
	(17, 'Bárbaro', 6),
	(18, 'Bárbaro', 6),
	(19, 'Bárbaro', 6),
	(20, 'Bárbaro', 6),
	(1, 'Bardo', 2),
	(2, 'Bardo', 2),
	(3, 'Bardo', 2),
	(4, 'Bardo', 2),
	(5, 'Bardo', 3),
	(6, 'Bardo', 3),
	(7, 'Bardo', 3),
	(8, 'Bardo', 3),
	(9, 'Bardo', 4),
	(10, 'Bardo', 4),
	(11, 'Bardo', 4),
	(12, 'Bardo', 4),
	(13, 'Bardo', 5),
	(14, 'Bardo', 5),
	(15, 'Bardo', 5),
	(16, 'Bardo', 5),
	(17, 'Bardo', 6),
	(18, 'Bardo', 6),
	(19, 'Bardo', 6),
	(20, 'Bardo', 6),
	(1, 'Bruxo', 2),
	(2, 'Bruxo', 2),
	(3, 'Bruxo', 2),
	(4, 'Bruxo', 2),
	(5, 'Bruxo', 3),
	(6, 'Bruxo', 3),
	(7, 'Bruxo', 3),
	(8, 'Bruxo', 3),
	(9, 'Bruxo', 4),
	(10, 'Bruxo', 4),
	(11, 'Bruxo', 4),
	(12, 'Bruxo', 4),
	(13, 'Bruxo', 5),
	(14, 'Bruxo', 5),
	(15, 'Bruxo', 5),
	(16, 'Bruxo', 5),
	(17, 'Bruxo', 6),
	(18, 'Bruxo', 6),
	(19, 'Bruxo', 6),
	(20, 'Bruxo', 6),
	(1, 'Clérigo', 2),
	(2, 'Clérigo', 2),
	(3, 'Clérigo', 2),
	(4, 'Clérigo', 2),
	(5, 'Clérigo', 3),
	(6, 'Clérigo', 3),
	(7, 'Clérigo', 3),
	(8, 'Clérigo', 3),
	(9, 'Clérigo', 4),
	(10, 'Clérigo', 4),
	(11, 'Clérigo', 4),
	(12, 'Clérigo', 4),
	(13, 'Clérigo', 5),
	(14, 'Clérigo', 5),
	(15, 'Clérigo', 5),
	(16, 'Clérigo', 5),
	(17, 'Clérigo', 6),
	(18, 'Clérigo', 6),
	(19, 'Clérigo', 6),
	(20, 'Clérigo', 6),
	(1, 'Druida', 2),
	(2, 'Druida', 2),
	(3, 'Druida', 2),
	(4, 'Druida', 2),
	(5, 'Druida', 3),
	(6, 'Druida', 3),
	(7, 'Druida', 3),
	(8, 'Druida', 3),
	(9, 'Druida', 4),
	(10, 'Druida', 4),
	(11, 'Druida', 4),
	(12, 'Druida', 4),
	(13, 'Druida', 5),
	(14, 'Druida', 5),
	(15, 'Druida', 5),
	(16, 'Druida', 5),
	(17, 'Druida', 6),
	(18, 'Druida', 6),
	(19, 'Druida', 6),
	(20, 'Druida', 6),
	(1, 'Feiticeiro', 2),
	(2, 'Feiticeiro', 2),
	(3, 'Feiticeiro', 2),
	(4, 'Feiticeiro', 2),
	(5, 'Feiticeiro', 3),
	(6, 'Feiticeiro', 3),
	(7, 'Feiticeiro', 3),
	(8, 'Feiticeiro', 3),
	(9, 'Feiticeiro', 4),
	(10, 'Feiticeiro', 4),
	(11, 'Feiticeiro', 4),
	(12, 'Feiticeiro', 4),
	(13, 'Feiticeiro', 5),
	(14, 'Feiticeiro', 5),
	(15, 'Feiticeiro', 5),
	(16, 'Feiticeiro', 5),
	(17, 'Feiticeiro', 6),
	(18, 'Feiticeiro', 6),
	(19, 'Feiticeiro', 6),
	(20, 'Feiticeiro', 6),
	(1, 'Guerreiro', 2),
	(2, 'Guerreiro', 2),
	(3, 'Guerreiro', 2),
	(4, 'Guerreiro', 2),
	(5, 'Guerreiro', 3),
	(6, 'Guerreiro', 3),
	(7, 'Guerreiro', 3),
	(8, 'Guerreiro', 3),
	(9, 'Guerreiro', 4),
	(10, 'Guerreiro', 4),
	(11, 'Guerreiro', 4),
	(12, 'Guerreiro', 4),
	(13, 'Guerreiro', 5),
	(14, 'Guerreiro', 5),
	(15, 'Guerreiro', 5),
	(16, 'Guerreiro', 5),
	(17, 'Guerreiro', 6),
	(18, 'Guerreiro', 6),
	(19, 'Guerreiro', 6),
	(20, 'Guerreiro', 6),
	(1, 'Ladino', 2),
	(2, 'Ladino', 2),
	(3, 'Ladino', 2),
	(4, 'Ladino', 2),
	(5, 'Ladino', 3),
	(6, 'Ladino', 3),
	(7, 'Ladino', 3),
	(8, 'Ladino', 3),
	(9, 'Ladino', 4),
	(10, 'Ladino', 4),
	(11, 'Ladino', 4),
	(12, 'Ladino', 4),
	(13, 'Ladino', 5),
	(14, 'Ladino', 5),
	(15, 'Ladino', 5),
	(16, 'Ladino', 5),
	(17, 'Ladino', 6),
	(18, 'Ladino', 6),
	(19, 'Ladino', 6),
	(20, 'Ladino', 6),
	(1, 'Mago', 2),
	(2, 'Mago', 2),
	(3, 'Mago', 2),
	(4, 'Mago', 2),
	(5, 'Mago', 3),
	(6, 'Mago', 3),
	(7, 'Mago', 3),
	(8, 'Mago', 3),
	(9, 'Mago', 4),
	(10, 'Mago', 4),
	(11, 'Mago', 4),
	(12, 'Mago', 4),
	(13, 'Mago', 5),
	(14, 'Mago', 5),
	(15, 'Mago', 5),
	(16, 'Mago', 5),
	(17, 'Mago', 6),
	(18, 'Mago', 6),
	(19, 'Mago', 6),
	(20, 'Mago', 6),
	(1, 'Monge', 2),
	(2, 'Monge', 2),
	(3, 'Monge', 2),
	(4, 'Monge', 2),
	(5, 'Monge', 3),
	(6, 'Monge', 3),
	(7, 'Monge', 3),
	(8, 'Monge', 3),
	(9, 'Monge', 4),
	(10, 'Monge', 4),
	(11, 'Monge', 4),
	(12, 'Monge', 4),
	(13, 'Monge', 5),
	(14, 'Monge', 5),
	(15, 'Monge', 5),
	(16, 'Monge', 5),
	(17, 'Monge', 6),
	(18, 'Monge', 6),
	(19, 'Monge', 6),
	(20, 'Monge', 6),
	(1, 'Paladino', 2),
	(2, 'Paladino', 2),
	(3, 'Paladino', 2),
	(4, 'Paladino', 2),
	(5, 'Paladino', 3),
	(6, 'Paladino', 3),
	(7, 'Paladino', 3),
	(8, 'Paladino', 3),
	(9, 'Paladino', 4),
	(10, 'Paladino', 4),
	(11, 'Paladino', 4),
	(12, 'Paladino', 4),
	(13, 'Paladino', 5),
	(14, 'Paladino', 5),
	(15, 'Paladino', 5),
	(16, 'Paladino', 5),
	(17, 'Paladino', 6),
	(18, 'Paladino', 6),
	(19, 'Paladino', 6),
	(20, 'Paladino', 6),
	(1, 'Patrulheiro', 2),
	(2, 'Patrulheiro', 2),
	(3, 'Patrulheiro', 2),
	(4, 'Patrulheiro', 2),
	(5, 'Patrulheiro', 3),
	(6, 'Patrulheiro', 3),
	(7, 'Patrulheiro', 3),
	(8, 'Patrulheiro', 3),
	(9, 'Patrulheiro', 4),
	(10, 'Patrulheiro', 4),
	(11, 'Patrulheiro', 4),
	(12, 'Patrulheiro', 4),
	(13, 'Patrulheiro', 5),
	(14, 'Patrulheiro', 5),
	(15, 'Patrulheiro', 5),
	(16, 'Patrulheiro', 5),
	(17, 'Patrulheiro', 6),
	(18, 'Patrulheiro', 6),
	(19, 'Patrulheiro', 6),
	(20, 'Patrulheiro', 6);

insert into Barbaro (nomeClasse, nivel,	danoFuria, furias) values 
	('Bárbaro', 1, 2, 2),
	('Bárbaro', 2, 2, 2),
	('Bárbaro', 3, 2, 3),
	('Bárbaro', 4, 2, 3),
	('Bárbaro', 5, 2, 3),
	('Bárbaro', 6, 2, 4),
	('Bárbaro', 7, 2, 4),
	('Bárbaro', 8, 2, 4),
	('Bárbaro', 9, 3, 4),
	('Bárbaro', 10, 3, 4),
	('Bárbaro', 11, 3, 4),
	('Bárbaro', 12, 3, 5),
	('Bárbaro', 13, 3, 5),
	('Bárbaro', 14, 3, 5),
	('Bárbaro', 15, 3, 5),
	('Bárbaro', 16, 4, 5),
	('Bárbaro', 17, 4, 6),
	('Bárbaro', 18, 4, 6),
	('Bárbaro', 19, 4, 6),
	('Bárbaro', 20, 4, 9999);

insert into Bardo (nomeClasse, nivel, truquesConhecidos, magiasConhecidas) values 
	('Bardo', 1, 2, 4),
	('Bardo', 2, 2, 5),
	('Bardo', 3, 2, 6),
	('Bardo', 4, 3, 7),
	('Bardo', 5, 3, 8),
	('Bardo', 6, 3, 9),
	('Bardo', 7, 3, 10),
	('Bardo', 8, 3, 11),
	('Bardo', 9, 3, 12),
	('Bardo', 10, 4, 14),
	('Bardo', 11, 4, 15),
	('Bardo', 12, 4, 15),
	('Bardo', 13, 4, 16),
	('Bardo', 14, 4, 18),
	('Bardo', 15, 4, 19),
	('Bardo', 16, 4, 19),
	('Bardo', 17, 4, 20),
	('Bardo', 18, 4, 22),
	('Bardo', 19, 4, 22),
	('Bardo', 20, 4, 22);

insert into ClasseEspacoMagia(nomeClasse, nivel, numeroTabela, linhaTabela) values 
    ('Bardo', 1, 1, 1),
    ('Bardo', 2, 1, 2),
    ('Bardo', 3, 1, 3),
    ('Bardo', 4, 1, 4),
    ('Bardo', 5, 1, 5),
    ('Bardo', 6, 1, 6),
    ('Bardo', 7, 1, 7),
    ('Bardo', 8, 1, 8),
    ('Bardo', 9, 1, 9),
    ('Bardo', 10, 1, 10),
    ('Bardo', 11, 1, 11),
    ('Bardo', 12, 1, 12),
    ('Bardo', 13, 1, 13),
    ('Bardo', 14, 1, 14),
    ('Bardo', 15, 1, 15),
    ('Bardo', 16, 1, 16),
    ('Bardo', 17, 1, 17),
    ('Bardo', 18, 1, 18),
    ('Bardo', 19, 1, 19),
    ('Bardo', 20, 1, 20),
    ('Clérigo', 1, 1, 1),
    ('Clérigo', 2, 1, 2),
    ('Clérigo', 3, 1, 3),
    ('Clérigo', 4, 1, 4),
    ('Clérigo', 5, 1, 5),
    ('Clérigo', 6, 1, 6),
    ('Clérigo', 7, 1, 7),
    ('Clérigo', 8, 1, 8),
    ('Clérigo', 9, 1, 9),
    ('Clérigo', 10, 1, 10),
    ('Clérigo', 11, 1, 11),
    ('Clérigo', 12, 1, 12),
    ('Clérigo', 13, 1, 13),
    ('Clérigo', 14, 1, 14),
    ('Clérigo', 15, 1, 15),
    ('Clérigo', 16, 1, 16),
    ('Clérigo', 17, 1, 17),
    ('Clérigo', 18, 1, 18),
    ('Clérigo', 19, 1, 19),
    ('Clérigo', 20, 1, 20),
    ('Druida', 1, 1, 1),
    ('Druida', 2, 1, 2),
    ('Druida', 3, 1, 3),
    ('Druida', 4, 1, 4),
    ('Druida', 5, 1, 5),
    ('Druida', 6, 1, 6),
    ('Druida', 7, 1, 7),
    ('Druida', 8, 1, 8),
    ('Druida', 9, 1, 9),
    ('Druida', 10, 1, 10),
    ('Druida', 11, 1, 11),
    ('Druida', 12, 1, 12),
    ('Druida', 13, 1, 13),
    ('Druida', 14, 1, 14),
    ('Druida', 15, 1, 15),
    ('Druida', 16, 1, 16),
    ('Druida', 17, 1, 17),
    ('Druida', 18, 1, 18),
    ('Druida', 19, 1, 19),
    ('Druida', 20, 1, 20),
    ('Feiticeiro', 1, 1, 1),
    ('Feiticeiro', 2, 1, 2),
    ('Feiticeiro', 3, 1, 3),
    ('Feiticeiro', 4, 1, 4),
    ('Feiticeiro', 5, 1, 5),
    ('Feiticeiro', 6, 1, 6),
    ('Feiticeiro', 7, 1, 7),
    ('Feiticeiro', 8, 1, 8),
    ('Feiticeiro', 9, 1, 9),
    ('Feiticeiro', 10, 1, 10),
    ('Feiticeiro', 11, 1, 11),
    ('Feiticeiro', 12, 1, 12),
    ('Feiticeiro', 13, 1, 13),
    ('Feiticeiro', 14, 1, 14),
    ('Feiticeiro', 15, 1, 15),
    ('Feiticeiro', 16, 1, 16),
    ('Feiticeiro', 17, 1, 17),
    ('Feiticeiro', 18, 1, 18),
    ('Feiticeiro', 19, 1, 19),
    ('Feiticeiro', 20, 1, 20),
    ('Mago', 1, 1, 1),
    ('Mago', 2, 1, 2),
    ('Mago', 3, 1, 3),
    ('Mago', 4, 1, 4),
    ('Mago', 5, 1, 5),
    ('Mago', 6, 1, 6),
    ('Mago', 7, 1, 7),
    ('Mago', 8, 1, 8),
    ('Mago', 9, 1, 9),
    ('Mago', 10, 1, 10),
    ('Mago', 11, 1, 11),
    ('Mago', 12, 1, 12),
    ('Mago', 13, 1, 13),
    ('Mago', 14, 1, 14),
    ('Mago', 15, 1, 15),
    ('Mago', 16, 1, 16),
    ('Mago', 17, 1, 17),
    ('Mago', 18, 1, 18),
    ('Mago', 19, 1, 19),
    ('Mago', 20, 1, 20),
    ('Paladino', 1, 2, 1),
    ('Paladino', 2, 2, 2),
    ('Paladino', 3, 2, 3),
    ('Paladino', 4, 2, 4),
    ('Paladino', 5, 2, 5),
    ('Paladino', 6, 2, 6),
    ('Paladino', 7, 2, 7),
    ('Paladino', 8, 2, 8),
    ('Paladino', 9, 2, 9),
    ('Paladino', 10, 2, 10),
    ('Paladino', 11, 2, 11),
    ('Paladino', 12, 2, 12),
    ('Paladino', 13, 2, 13),
    ('Paladino', 14, 2, 14),
    ('Paladino', 15, 2, 15),
    ('Paladino', 16, 2, 16),
    ('Paladino', 17, 2, 17),
    ('Paladino', 18, 2, 18),
    ('Paladino', 19, 2, 19),
    ('Paladino', 20, 2, 20),
    ('Patrulheiro', 1, 2, 1),
    ('Patrulheiro', 2, 2, 2),
    ('Patrulheiro', 3, 2, 3),
    ('Patrulheiro', 4, 2, 4),
    ('Patrulheiro', 5, 2, 5),
    ('Patrulheiro', 6, 2, 6),
    ('Patrulheiro', 7, 2, 7),
    ('Patrulheiro', 8, 2, 8),
    ('Patrulheiro', 9, 2, 9),
    ('Patrulheiro', 10, 2, 10),
    ('Patrulheiro', 11, 2, 11),
    ('Patrulheiro', 12, 2, 12),
    ('Patrulheiro', 13, 2, 13),
    ('Patrulheiro', 14, 2, 14),
    ('Patrulheiro', 15, 2, 15),
    ('Patrulheiro', 16, 2, 16),
    ('Patrulheiro', 17, 2, 17),
    ('Patrulheiro', 18, 2, 18),
    ('Patrulheiro', 19, 2, 19),
    ('Patrulheiro', 20, 2, 20);

insert into Bruxo (nomeClasse, nivel, truquesConhecidos, magiasConhecidas, nivelMagia, espacosMagia, invocacoesConhecidas) values 
	('Bruxo', 1, 2, 2, 1, 1, 0),
	('Bruxo', 2, 2, 3, 1, 2, 2),
	('Bruxo', 3, 2, 4, 2, 2, 2),
	('Bruxo', 4, 3, 5, 2, 2, 3),
	('Bruxo', 5, 3, 6, 3, 2, 3),
	('Bruxo', 6, 3, 7, 3, 2, 4),
	('Bruxo', 7, 3, 8, 4, 2, 4),
	('Bruxo', 8, 3, 9, 4, 2, 4),
	('Bruxo', 9, 3, 10, 5, 2, 5),
	('Bruxo', 10, 4, 10, 5, 3, 5),
	('Bruxo', 11, 4, 11, 5, 3, 5),
	('Bruxo', 12, 4, 11, 5, 3, 6),
	('Bruxo', 13, 4, 12, 5, 3, 6),
	('Bruxo', 14, 4, 12, 5, 3, 6),
	('Bruxo', 15, 4, 13, 5, 3, 7),
	('Bruxo', 16, 4, 13, 5, 3, 7),
	('Bruxo', 17, 4, 14, 5, 4, 7),
	('Bruxo', 18, 4, 14, 5, 4, 8),
	('Bruxo', 19, 4, 15, 5, 4, 8),
	('Bruxo', 20, 4, 15, 5, 4, 8);

insert into ClerigoDruidaMago (nomeClasse, nivel, truquesConhecidos) values 
	('Clérigo', 1, 3),
	('Clérigo', 2, 3),
	('Clérigo', 3, 3),
	('Clérigo', 4, 4),
	('Clérigo', 5, 4),
	('Clérigo', 6, 4),
	('Clérigo', 7, 4),
	('Clérigo', 8, 4),
	('Clérigo', 9, 4),
	('Clérigo', 10, 5),
	('Clérigo', 11, 5),
	('Clérigo', 12, 5),
	('Clérigo', 13, 5),
	('Clérigo', 14, 5),
	('Clérigo', 15, 5),
	('Clérigo', 16, 5),
	('Clérigo', 17, 5),
	('Clérigo', 18, 5),
	('Clérigo', 19, 5),
	('Clérigo', 20, 5),
	('Druida', 1, 2),
	('Druida', 2, 2),
	('Druida', 3, 2),
	('Druida', 4, 3),
	('Druida', 5, 3),
	('Druida', 6, 3),
	('Druida', 7, 3),
	('Druida', 8, 3),
	('Druida', 9, 3),
	('Druida', 10, 4),
	('Druida', 11, 4),
	('Druida', 12, 4),
	('Druida', 13, 4),
	('Druida', 14, 4),
	('Druida', 15, 4),
	('Druida', 16, 4),
	('Druida', 17, 4),
	('Druida', 18, 4),
	('Druida', 19, 4),
	('Druida', 20, 4),
	('Mago', 1, 3),
	('Mago', 2, 3),
	('Mago', 3, 3),
	('Mago', 4, 4),
	('Mago', 5, 4),
	('Mago', 6, 4),
	('Mago', 7, 4),
	('Mago', 8, 4),
	('Mago', 9, 4),
	('Mago', 10, 5),
	('Mago', 11, 5),
	('Mago', 12, 5),
	('Mago', 13, 5),
	('Mago', 14, 5),
	('Mago', 15, 5),
	('Mago', 16, 5),
	('Mago', 17, 5),
	('Mago', 18, 5),
	('Mago', 19, 5),
	('Mago', 20, 5);

insert into Feiticeiro (nomeClasse, nivel, pontosFeiticaria, truquesConhecidos, magiasConhecidas) values 
	('Feiticeiro', 1, 0, 4, 2),
	('Feiticeiro', 2, 2, 4, 3),
	('Feiticeiro', 3, 3, 4, 4),
	('Feiticeiro', 4, 4, 5, 5),
	('Feiticeiro', 5, 5, 5, 6),
	('Feiticeiro', 6, 6, 5, 7),
	('Feiticeiro', 7, 7, 5, 8),
	('Feiticeiro', 8, 8, 5, 9),
	('Feiticeiro', 9, 9, 5, 10),
	('Feiticeiro', 10, 10, 6, 11),
	('Feiticeiro', 11, 11, 6, 12),
	('Feiticeiro', 12, 12, 6, 12),
	('Feiticeiro', 13, 13, 6, 13),
	('Feiticeiro', 14, 14, 6, 13),
	('Feiticeiro', 15, 15, 6, 14),
	('Feiticeiro', 16, 16, 6, 14),
	('Feiticeiro', 17, 17, 6, 15),
	('Feiticeiro', 18, 18, 6, 15),
	('Feiticeiro', 19, 19, 6, 15),
	('Feiticeiro', 20, 20, 6, 15);

insert into Ladino (nomeClasse, nivel, quantidadeDadosAtaqueFurtivo, grandezaDadoAtaqueFurtivo) values 
	('Ladino', 1, 1, 6),
	('Ladino', 2, 1, 6),
	('Ladino', 3, 2, 6),
	('Ladino', 4, 2, 6),
	('Ladino', 5, 3, 6),
	('Ladino', 6, 3, 6),
	('Ladino', 7, 4, 6),
	('Ladino', 8, 4, 6),
	('Ladino', 9, 5, 6),
	('Ladino', 10, 5, 6),
	('Ladino', 11, 6, 6),
	('Ladino', 12, 6, 6),
	('Ladino', 13, 7, 6),
	('Ladino', 14, 7, 6),
	('Ladino', 15, 8, 6),
	('Ladino', 16, 8, 6),
	('Ladino', 17, 9, 6),
	('Ladino', 18, 9, 6),
	('Ladino', 19, 10, 6),
	('Ladino', 20, 10, 6);

insert into Monge (nomeClasse, nivel, deslocamentoSemArmadura, quantidadeDadosArtesMarciais, grandezaDadoArtesMarciais, pontosChi) values 
	('Monge', 1, 0, 1, 4, 0),
	('Monge', 2, 3, 1, 4, 2),
	('Monge', 3, 3, 1, 4, 3),
	('Monge', 4, 3, 1, 4, 4),
	('Monge', 5, 3, 1, 4, 5),
	('Monge', 6, 4.5, 1, 6, 6),
	('Monge', 7, 4.5, 1, 6, 7),
	('Monge', 8, 4.5, 1, 6, 8),
	('Monge', 9, 4.5, 1, 6, 9),
	('Monge', 10, 6, 1, 6, 10),
	('Monge', 11, 6, 1, 8, 11),
	('Monge', 12, 6, 1, 8, 12),
	('Monge', 13, 6, 1, 8, 13),
	('Monge', 14, 7.5, 1, 8, 14),
	('Monge', 15, 7.5, 1, 8, 15),
	('Monge', 16, 7.5, 1, 8, 16),
	('Monge', 17, 7.5, 1, 10, 17),
	('Monge', 18, 9, 1, 10, 18),
	('Monge', 19, 9, 1, 10, 19),
	('Monge', 20, 9, 1, 10, 20);

insert into Patrulheiro (nomeClasse, nivel, magiasConhecidas) values 
	('Patrulheiro', 1, 0),
	('Patrulheiro', 2, 2),
	('Patrulheiro', 3, 3),
	('Patrulheiro', 4, 3),
	('Patrulheiro', 5, 4),
	('Patrulheiro', 6, 4),
	('Patrulheiro', 7, 5),
	('Patrulheiro', 8, 5),
	('Patrulheiro', 9, 6),
	('Patrulheiro', 10, 6),
	('Patrulheiro', 11, 7),
	('Patrulheiro', 12, 7),
	('Patrulheiro', 13, 8),
	('Patrulheiro', 14, 8),
	('Patrulheiro', 15, 9),
	('Patrulheiro', 16, 9),
	('Patrulheiro', 17, 10),
	('Patrulheiro', 18, 10),
	('Patrulheiro', 19, 11),
	('Patrulheiro', 20, 11);

insert into ClasseMagia (nomeClasse, nomeMagia) values 
	('Bardo', 'Acalmar Emoções'),
	('Bruxo', 'Acalmar Emoções'),
	('Clérigo', 'Adivinhação'),
	('Bardo', 'Ampliar Plantas'),
	('Druida', 'Ampliar Plantas'),
	('Patrulheiro', 'Ampliar Plantas'),
	('Bruxo', 'Braços de Hadar'),
	('Bardo', 'Cativar'),
	('Bruxo', 'Cativar'),
	('Bardo', 'Cegueira/Surdez'),
	('Clérigo', 'Cegueira/Surdez'),
	('Feiticeiro', 'Cegueira/Surdez'),
	('Mago', 'Cegueira/Surdez'),
	('Clérigo', 'Chama Contínua'),
	('Mago', 'Chama Contínua'),
	('Bardo', 'Despistar'),
	('Mago', 'Despistar'),
	('Mago', 'Encarnação Fantasmagórica'),
	('Bardo', 'Enfraquecer Intelecto'),
	('Bardo', 'Espada de Mordenkainen'),
	('Mago', 'Espada de Mordenkainen'),
	('Feiticeiro', 'Globo de Invulnerabilidade'),
	('Mago', 'Globo de Invulnerabilidade'),
	('Bardo', 'Globos de Luz'),
	('Feiticeiro', 'Globos de Luz'),
	('Mago', 'Globos de Luz'),
	('Clérigo', 'Tempestade de Fogo'),
	('Druida', 'Tempestade de Fogo'),
	('Feiticeiro', 'Tempestade de Fogo'),
	('Bardo', 'Ver o Invisível'),
	('Feiticeiro', 'Ver o Invisível'),
	('Mago', 'Ver o Invisível');

insert into Monstro(nomeMonstro, descricao, foto, classeArmadura, pontosVidaBase, tendencia, nivel, pontosExperiencia, formaCorporal, tamanho, deslocamentoBase) values
	('Inumano', 'A palavra “inumano” significava “pessoa” nos dias de outrora, mas o nome agora se refere a mortos-vivos malignos que foram mortais guiados por desejos obscuros e grande vaidade. Quando a morte silencia o coração de uma criatura assim e sufoca sua suspiro de vida, seu espírito suplica para o lorde demônio Orcus ou a alguma deus vil do submundo por adiamento: morte-vida em troca de uma guerra eterna contra os vivos. Se um poder obscuro ouvir esse chamado, é concedida ao espírito a morte-vida na qual ele pode perseguir sua própria agenda maligna. Os inumanos possuem as memórias e objetivos do seus antigo eu vivo. Eles irão atender ao chamado de qualquer que seja a entidade trevosa que os transformou em mortos-vivos, fazendo juramentos para acalmar seu novo senhor, enquanto mantem sua autonomia. Nunca se cansando, um inumano pode perseguir seus objetivos sem descanso e sem distração.', NULL, 14, 45, 'neutro e mau', 3.0, 700, 'Morto-vivo', 'Médio', 9),
	('Guinchador', 'Um guinchador é um cogumelo do tamanho de um humano que emite guinchos agudos para afastar as criaturas que os perturbam. Outras criaturas usam esses fungos como um alarme para sinalizar a aproximação de presas e várias raças inteligentes do Subterrâneo cultivam guinchadores nos arredores de suas comunidades para desencorajar intrusos.', NULL, 5, 13, 'imparcial', 0.0, 10, 'Planta', 'Média', 0),
	('Flumph', 'Os misteriosos flumphs vagam pelo Subterrâneo, impulsionados pelo ar pelos jatos cujo som lhes deu seu nome. Um flumph brilha levemente, refletindo seu humor pela sua cor. Rosa claro significa feliz, azul escuro é tristeza, verde expressa curiosidade e carmesim é raiva.', NULL, 12, 7, 'leal e bom', 0.125, 25, 'Aberração', 'Pequena', 1.5),
	('Abolete', 'Antes da chegada dos deuses, os aboletes espreitavam nos oceanos primordiais e em lagos subterrâneos. Eles chegaram com suas mentes e tomaram controle das formas de vida florescentes do reino mortal, fazendo dessas criaturas seus escravos. Sua dominação os torna similares a deuses. Então, os verdadeiros deuses apareceram, esmagando o império abolete e libertando seus escravos. Os aboletes nunca esqueceram.', NULL, 17, 135, 'leal e mau', 10.0, 5900, 'Aberração', 'Grande', 3),
	('Dao', 'Os gênios são criaturas elementais raras vindas das histórias e lendas. Apenas alguns poucos podem ser encontrados no Plano Material. O resto reside nos Planos Elementais, onde eles governam suntuosos palácios e são atendidos por servos que os veneram. Os gênios são tão brilhantes quanto poderosos, tão orgulhosos quanto majestosos. Arrogantes e decadentes, eles possuem um senso profundo de direito que derroque do conhecimento de que poucas criaturas, além dos deuses e outros gênios, podem desafiar o poder deles. Os dao são gênios gananciosos e maliciosos do Plano Elemental da Terra. Eles se enfeitam com joias feitas de gemas preciosas e metais raros, e quando voam, a parte inferior de seus corpos tornasse uma coluna de areia rodopiante. Um dao não está feliz, a não ser que seja invejado por outros dao.', NULL, 18, 187, '187 (15d10 + 105)', 11, 7200, 'Elemental', 'Grande', 9),
	('Efreeti', 'Os gênios são criaturas elementais raras vindas das histórias e lendas. Apenas alguns poucos podem ser encontrados no Plano Material. O resto reside nos Planos Elementais, onde eles governam suntuosos palácios e são atendidos por servos que os veneram.  Os gênios são tão brilhantes quanto poderosos, tão orgulhosos quanto majestosos. Arrogantes e decadentes, eles possuem um senso profundo de direito que derroque do conhecimento de que poucas criaturas, além dos deuses e outros gênios, podem desafiar o poder deles. Gênios brutais do Plano Elemental do Fogo, os efreet são mestres das chamas, imunes a fogo e capazes de cria-lo com um capricho. Cafetãs de seda fina e robes damascos cobrem sua pele vermelho-magma ou negro-carvão, e eles se enfeitam com braceletes, correntes e anéis de cobre ou ouro todos ornamentados com joias. Quando um efreeti voa, a parte inferior do seu corpo se transforma numa coluna de fumaça e cinzas.', NULL, 17, 200, 'leal e mau', 11, 7200, 'Elemental', 'Grande', 12),
	('Dragão Azul Ancião', 'Os dragões azul, branco, negro, verde e vermelho representam o lado maligno da espécie dracônica. Agressivos, vorazes e vaidosos, os dragões cromáticos são sábios cruéis e tiranos poderosos temidos por todas as criaturas – incluindo uns aos outros. Vaidosos e territorialistas, os dragões azuis pairam pelos céus dos desertos, caçando caravanas e saqueando rebanhos e assentamentos nas terras verdejantes além dos limites do deserto. Esses dragões também podem ser encontrados em estepes secas, ermos escaldantes e costas rochosas. Eles guardam seus territórios contra todos os potenciais competidores, especialmente os dragões de latão. Um dragão azul é reconhecido por suas impressionantes orelhas franzidas e um único chifre maciço emergindo do seu focinho. Fileiras de espinhos estendem-se de trás de suas narinas formando linhas na sua testa e aglomerados no seu maxilar inferior. As escamas de um dragão azul variam de coloração desde um azul-celeste iridescente até o azul-marinho, lustrosas e polidas pelas areias do deserto. À medida que o dragão envelhece, suas escamas tornam-se mais compactas e duras e seu couro costuma emitir zumbidos e estalos devido a eletricidade estática. Esses efeitos se intensificam quando o dragão está furioso ou prestes a atacar, liberando um forte odor de ozônio e ar árido.', NULL, 22, 481, 'leal e mau', 23, 50000, 'Dragão', 'Imenso', 12),
	('Chefe Goblin', 'Goblins são humanoides pequenos, egoístas e de coração negro que vivem em cavernas, minas abandonadas, masmorras despojadas e outros ambientes lúgubres. Individualmente fracos, os goblins andam em grandes – às vezes devastadoras – quantidades. Eles anseiam por poder e regularmente abusam de qualquer autoridade que adquiram.', NULL, 17, 21, 'neutro e mau', 1, 200, 'Humanoide', 'Pequeno', 9);

insert into Habilidade(valor, valorModificador) values
	(1, -5), (2, -4), (3, -4), (4, -3), (5, -3), (6, -2), (7, -2), (8, -1), (9, -1), (10, 0), (11, 0), (12, 1), (13, 1), (14, 2), (15, 2), (16, 3), (17, 3), (18, 4), (19, 4), (20, 5), (21, 5), (22, 6), (23, 6), (24, 7), (25, 7), (26, 8), (27, 8), (28, 9), (29, 9),(30, 10);

insert into MonstroHabilidade(nomeMonstro, nomeHabilidade, valor) values
	('Inumano', 'Força', 15),
	('Inumano', 'Destreza', 14),
	('Inumano', 'Constituição', 16),
	('Inumano', 'Inteligência', 10),
	('Inumano', 'Sabedoria', 13),
	('Inumano', 'Carisma', 15),
	('Guinchador', 'Força', 1),
	('Guinchador', 'Destreza', 1),
	('Guinchador', 'Constituição', 10),
	('Guinchador', 'Inteligência', 1),
	('Guinchador', 'Sabedoria', 3),
	('Guinchador', 'Carisma', 1),
	('Flumph', 'Força', 6),
	('Flumph', 'Destreza', 15),
	('Flumph', 'Constituição', 10),
	('Flumph', 'Inteligência', 14),
	('Flumph', 'Sabedoria', 14),
	('Flumph', 'Carisma', 11),
	('Abolete', 'Força', 21),
	('Abolete', 'Destreza', 9),
	('Abolete', 'Constituição', 15),
	('Abolete', 'Inteligência', 18),
	('Abolete', 'Sabedoria', 15),
	('Abolete', 'Carisma', 18),
	('Dao', 'Força', 23),
	('Dao', 'Destreza', 12),
	('Dao', 'Constituição', 24),
	('Dao', 'Inteligência', 12),
	('Dao', 'Sabedoria', 13),
	('Dao', 'Carisma', 14),
	('Efreeti', 'Força', 22),
	('Efreeti', 'Destreza', 12),
	('Efreeti', 'Constituição', 24),
	('Efreeti', 'Inteligência', 16),
	('Efreeti', 'Sabedoria', 15),
	('Efreeti', 'Carisma', 16),
	('Dragão Azul Ancião', 'Força', 29),
	('Dragão Azul Ancião', 'Destreza', 10),
	('Dragão Azul Ancião', 'Constituição', 27),
	('Dragão Azul Ancião', 'Inteligência', 18),
	('Dragão Azul Ancião', 'Sabedoria', 17),
	('Dragão Azul Ancião', 'Carisma', 21),
	('Chefe Goblin', 'Força', 10),
	('Chefe Goblin', 'Destreza', 14),
	('Chefe Goblin', 'Constituição', 10),
	('Chefe Goblin', 'Inteligência', 10),
	('Chefe Goblin', 'Sabedoria', 8),
	('Chefe Goblin', 'Carisma', 10);

insert into CaracteristicaMonstro(nome, nomeMonstro, descricao) values
	('Perícias', 'Inumano', 'Furtividade +4, Percepção +3'),
	('Resistência a Dano', 'Inumano', 'necrótico; concussão, cortante e perfurante de armas não-mágicas que não sejam de prata'),
	('Imunidade a Dano', 'Inumano', 'veneno'),
	('Imunidade a Condição', 'Inumano', 'envenenado, exausto'),
	('Sentidos', 'Inumano', 'visão no escuro 18 m, Percepção passiva 13'),
	('Idiomas', 'Inumano', 'os idiomas que conhecia em vida'),
	('Imunidade a Condição', 'Guinchador', 'amedrontado, cego, surdo'),
	('Sentidos', 'Guinchador', 'percepção às cegas 9 m (cego além desse raio), Percepção passiva 6'),
	('Idiomas', 'Guinchador', '-'),
	('Perícias', 'Flumph', 'Arcanismo +4, História +4, Religião +4'),
	('Vulnerabilidade a Dano', 'Flumph', 'psíquico'),
	('Sentidos', 'Flumph', 'visão no escuro 18 m, Percepção passiva 12'),
	('Idiomas', 'Flumph', 'compreende Subcomum mas não pode falar, telepatia 18 m'),
	('Testes de Resistência', 'Abolete', 'Con +6, Int +8, Sab +6'),
	('Perícias', 'Abolete', 'História +12, Percepção +10'),
	('Sentidos', 'Abolete', 'visão no escuro 36 m, Percepção passiva 20'),
	('Idiomas', 'Abolete', 'Dialeto Subterrâneo, telepatia 36 m'),
	('Idiomas', 'Dao', 'Terran'),
	('Sentidos', 'Dao', 'visão no escuro 36 m, Percepção passiva 11'),
	('Imunidade a Condição', 'Dao', 'petrificado'),
	('Testes de Resistência', 'Dao', 'Int +5, Sab +5, Car +6'),
	('Testes de Resistência', 'Efreeti', 'Int +7, Sab +6, Car +7'),
	('Imunidade a Dano', 'Efreeti', 'fogo'),
	('Sentidos', 'Efreeti', 'visão no escuro 36 m, Percepção passiva 12'),
	('Idiomas', 'Efreeti', 'Ignan'),
	('Testes de Resistência', 'Dragão Azul Ancião', 'Des +7, Con +15, Sab +10, Car +12'),
	('Perícias', 'Dragão Azul Ancião', 'Furtividade +7, Percepção +17'),
	('Imunidade a Dano', 'Dragão Azul Ancião', 'elétrico'),
	('Sentidos', 'Dragão Azul Ancião', 'percepção às cegas 18 m, visão no escuro 36 m, Percepção passiva 27'),
	('Idiomas', 'Dragão Azul Ancião', 'Comum, Dracônico'),
	('Idiomas', 'Chefe Goblin', 'Comum, Goblin'),
	('Sentidos', 'Chefe Goblin', 'visão no escuro 18 m, Percepção passiva 9'),
	('Perícias', 'Chefe Goblin', 'Furtividade +6'),

insert into PontosExperienciaNivel (pontosExperiencia, nivel) values 
	(0, 1),
	(300, 2),
	(900, 3),
	(2700, 4),
	(6500, 5),
	(14000, 6),
	(23000, 7),
	(34000, 8),
	(48000, 9),
	(64000, 10),
	(85000, 11),
	(100000, 12),
	(120000, 13),
	(140000, 14),
	(165000, 15),
	(195000, 16),
	(225000, 17),
	(265000, 18),
	(305000, 19),
	(355000, 20);

--Campanha Dummy
insert into Campanha (nomeCampanha,	descricao, mapaAtual) values
	('Lorin', 'Campanha que eu mestrei sábado à noite durante o rolê só por diversão', (select codigoMapa from Mapa where mapa = 'lorin.jpg'));

insert into Cidade (nomeCidade, nomeCampanha,	comercio, clima, vegetacao,	populacao, formaGoverno, descricao) values
	('Ardat', 'Lorin', 'Inexistente', 'Quente', 'Praia', 50, 'Monarquia', 'Ilhota pouco habitada. Muitas lendas existem sobre esse lugar, mas porém é lar de muitas criaturas há muito tempo esquecidas pelo homem.'),
	('Castor', 'Lorin', 'Inexistente', 'Quente', 'Praia', 70, 'Monarquia', 'Vilarejo formada em volta de uma caverna de minério de prata.'),
	('Pollug', 'Lorin', 'Subdesenvolvido', 'Árido', 'Planície', 200, 'Monarquia', 'Vilarejo formada em volta de uma caverna de minério de ouro.'),
	('Vöcklaheim', 'Lorin', 'Decadente', 'Quente', 'Praia',100 , 'Monarquia', 'Pequena vila de pescadores e esconderijo de piratas.'),
	('Zhyzhynsk', 'Lorin', 'Subdesenvolvido', 'Quente', 'Praia', 250, 'Monarquia', 'Última cidade a ser tomada pelo o atual rainha, a população ainda nutre ódio pela atual monarquia, existem rumores de uma resistência rebelde estar se formando por lá.'),
	('Regenskirck', 'Lorin', 'Subdesenvolvido', 'Tropical', 'Úmido', 300, 'Monarquia', 'Vila formada em volta do monumento do lendário pescador do lago verde.'),
	('Hya Alari', 'Lorin', 'Inexistente', 'Pântano', 'Úmido', 40, 'Monarquia', 'Pântano habitado por criaturas perigosas e alguns foragidos que não querem ser incomodados.'),
	('Eyrr', 'Lorin', 'Desenvolvido', 'Quente', 'Praia', 1000, 'Monarquia', 'Antiga capital. Após a invasão do nova rainha a maior parte da população imigrou para Oclesh.'),
	('Lyros', 'Lorin', 'Médio', 'Quente', 'Praia', 900, 'Monarquia', 'Segundo os demais habitantes de Lorin, Lyros é a cidade mais alegre do planeta, ninguém sabe o porquê.'),
	('Toasoalii', 'Lorin', 'Desenvolvido', 'Tropical', 'Úmido', 1200, 'Monarquia', 'Cidade altamente militarizada. É utilizada para treinar os guerreiros do reino.'),
	('Oclesh', 'Lorin', 'Avançado', 'Quente', 'Desértico', 5000, 'Monarquia', 'Capital da cidade, repleta por casas e castelos de areia mágica que são tão fortes quanto aço. Ninguém sabe o motivo da areia desta região ser assim, mas como isso era fato deste antes do nascimento dos antepassados de todos os cidadãos, ninguém quentiona nem busca conhecer a origem desta areia.'),
	('Carteia', 'Lorin', 'Baixo', 'Tropical', 'Úmido', 150, 'Monarquia', 'Cidade cercada por uma magia de nevasca lançada por um mago poderoso há muito tempo atrás. A fonte da nevasca parece vir do cume da montanha central porém ninguém teve coragem de chegar até lá ainda.'),
	('Chordata', 'Lorin', 'Inexistente', 'Quente', 'Praia', 6, 'Monarquia', 'Ilha habitada por uma família de cinco pessoas que imaginam ser os únicos a morarem naquela ilha... Mal sabem quem os faz companhia.'),
	('Viirim', 'Lorin', 'Inexistente', 'Quente', 'Praia', 400, 'Monarquia', 'Cidade que se desenvolveu um pouco mais do que deveria e por isso não tem uma arquitetura muito bem definida. Esse crescimento espontâneo se deve ao fato de ela servir como rota entre a capital e a porção de terra maior onde alguns malucos da capital vão para se aventurar');

insert into Lider (nomeLider, descricao, nomeCampanha) values
	('Areqwa', 'Filha mais nova do grande conquistador Théros, com o exército que ganhou de seu pai quando completou 17 anos, conquistou toda a extensão de Lorin cinco anos atrás em apenas dois meses. Odiada por muitos e bajulada por qualquer um que deseje seguir qualquer carreira política nas terras dominadas por ela.', 'Lorin'),
	('Ninel', 'Criado por um casal de camponeses que foram assassinados durante a invasão de Zhyzhynsk, nutriu tamanho ódio pela rainha que foi capaz de organizar e chefiar vários homens e mulheres repletos de ódio pelo governo para derrubálo de qualquer maneira. Ninguém sabe ao certo sua aparência ou seu paradeiro atual, mas todos sabem que onde quer que esteja ele está tramando algum plano perfeito para a derrubada do governo.', 'Lorin');

insert into Faccao (nomeFaccao, nomeCampanha, populacao, formaGoverno, descricao) values
	('Rebeldes de Zhyzhynsk', 'Lorin', 300, 'Democracia', 'Os Rebeldes de Zhyzhyns surgiram após a mesma ser tomada pela nova governante de Lorin. Seus membros operam nas sombras e recrutando qualquer um que seja revoltado o bastante contra o atual governo. Seu objetivo é apenas um: a derrubada da rainha por qualquer meio e a instauração de uma democracia no arquipélado de Lorin. Seguem fielmente os pensamentos descritos nos pergaminhos do antigo herói da ilha, Faustor.');

insert into LiderFaccao (codigoFaccao, codigoLider) values
	((select codigoFaccao from Faccao where nomeFaccao = 'Rebeldes de Zhyzhynsk'),(select codigoLider from Lider where nomeLider = 'Ninel'));

insert into LiderCidade (codigoCidade, codigoLider) values
	((select codigoCidade from Cidade where nomeCidade = 'Ardat'),(select codigoLider from Lider where nomeLider = 'Areqwa')),
	((select codigoCidade from Cidade where nomeCidade = 'Castor'),(select codigoLider from Lider where nomeLider = 'Areqwa')),
	((select codigoCidade from Cidade where nomeCidade = 'Pollug'),(select codigoLider from Lider where nomeLider = 'Areqwa')),
	((select codigoCidade from Cidade where nomeCidade = 'Vöcklaheim'),(select codigoLider from Lider where nomeLider = 'Areqwa')),
	((select codigoCidade from Cidade where nomeCidade = 'Zhyzhynsk'),(select codigoLider from Lider where nomeLider = 'Areqwa')),
	((select codigoCidade from Cidade where nomeCidade = 'Regenskirck'),(select codigoLider from Lider where nomeLider = 'Areqwa')),
	((select codigoCidade from Cidade where nomeCidade = 'Hya Alari'),(select codigoLider from Lider where nomeLider = 'Areqwa')),
	((select codigoCidade from Cidade where nomeCidade = 'Eyrr'),(select codigoLider from Lider where nomeLider = 'Areqwa')),
	((select codigoCidade from Cidade where nomeCidade = 'Lyros'),(select codigoLider from Lider where nomeLider = 'Areqwa')),
	((select codigoCidade from Cidade where nomeCidade = 'Toasoalii'),(select codigoLider from Lider where nomeLider = 'Areqwa')),
	((select codigoCidade from Cidade where nomeCidade = 'Oclesh'),(select codigoLider from Lider where nomeLider = 'Areqwa')),
	((select codigoCidade from Cidade where nomeCidade = 'Carteia'),(select codigoLider from Lider where nomeLider = 'Areqwa')),
	((select codigoCidade from Cidade where nomeCidade = 'Chordata'),(select codigoLider from Lider where nomeLider = 'Areqwa')),
	((select codigoCidade from Cidade where nomeCidade = 'Viirim'),(select codigoLider from Lider where nomeLider = 'Areqwa'));

insert into Mapa (nomeCampanha,	mapa) values
	('Lorin', 'lorin.jpg'),
	('Lorin', 'climbUpMountain.jpg'),
	('Lorin', 'hallOfSacredSpells.jpg');

insert into Anotacao (nomeCampanha, anotacao) values
	('Lorin', 'Podem haver mais comunidades e vilas espalhadas pelo mapa que não são classificadas como cidades pelo mapa político de Lorin'),
	('Lorin', 'É de conhecimento popular que quanto mais a oeste do arquipélago, mais elevado é o perigo que os aventureiros correm');