insert into Classe (nomeClasse,	descricao, habilidadePrimaria, habilidadeSecundaria, habilidadeSecundariaOpcional, testeResistenciaPrimario, testeResistenciaSecundario, dadoVida, modificadorVida,	progressaoPadraoVida) values 
	('Bárbaro', '', 'Força', null, FALSE, 'Força', 'Constituição', 12, 'Constituição', 7),
	('Bardo', '', 'Carisma', null, FALSE, 'Destreza', 'Carisma', 8, 'Constituição', 5),
	('Bruxo', '', 'Carisma', null, FALSE, 'Sabedoria', 'Carisma', 8, 'Constituição', 5),
	('Clérigo', '', 'Sabedoria', null, FALSE, 'Sabedoria', 'Carisma', 8, 'Constituição', 5),
	('Druida', '', 'Sabedoria', null, FALSE, 'Inteligência', 'Sabedoria', 8, 'Constituição', 5),
	('Feiticeiro', '', 'Carisma', null, FALSE, 'Constituição', 'Carisma', 6, 'Constituição', 4),
	('Guerreiro', '', 'Força', 'Destreza', TRUE, 'Força', 'Constituição', 10, 'Constituição', 6),
	('Ladino', '', 'Destreza', null, FALSE, 'Destreza', 'Inteligência', 8, 'Constituição', 5),
	('Mago', '', 'Inteligência', null, FALSE, 'Inteligência', 'Sabedoria', 6, 'Constituição', 4),
	('Monge', '', 'Destreza', 'Sabedoria', FALSE, 'Força', 'Destreza', 8, 'Constituição', 5),
	('Paladino', '', 'Força', 'Carisma', FALSE, 'Sabedoria', 'Carisma', 10, 'Constituição', 6),
	('Patrulheiro', '', 'Destreza', 'Sabedoria', FALSE, 'Força', 'Destreza', 10, 'Constituição', 6);

insert into Arquetipo(nomeArquetipo, nomeClasse) values 
	('Caminho do Furioso', 'Bárbaro'),
	('Caminho do Guerreiro Totêmico', 'Bárbaro'),
	('Colégio do Conhecimento', 'Bardo'),
	('Colégio da Bravura', 'Bardo'),
	('Arquifada', 'Bruxo'),
	('Corruptor', 'Bruxo'),
	('Grande Antigo', 'Bruxo'),
	('Domínio do Conhecimento', 'Clérigo'),
	('Domínio da Enganação', 'Clérigo'),
	('Domínio do Guerra', 'Clérigo'),
	('Domínio da Luz', 'Clérigo'),
	('Domínio da Natureza', 'Clérigo'),
	('Domínio da Tempestade', 'Clérigo'),
	('Domínio da Vida', 'Clérigo'),
	('Círculo da Terra', 'Druida'),
	('Círculo da Lua', 'Druida'),
	('Linhagem Dracônica', 'Feiticeiro'),
	('Magia Selvagem', 'Feiticeiro'),
	('Campeão', 'Guerreiro'),
	('Cavaleiro Arcano', 'Guerreiro'),
	('Mestre de Batalha', 'Guerreiro'),
	('Assassino', 'Ladino'),
	('Ladrão', 'Ladino'),
	('Trapaceiro Arcano', 'Ladino'),
	('Escola de Abjuração', 'Mago'),
	('Escola de Adivinhação', 'Mago'),
	('Escola de Conjuração', 'Mago'),
	('Escola de Encantamento', 'Mago'),
	('Escola de Evocação', 'Mago'),
	('Escola de Ilusão', 'Mago'),
	('Escola de Negromancia', 'Mago'),
	('Escola de Transmutação', 'Mago'),
	('Caminho da Mão Aberta', 'Monge'),
	('Caminho da Sombra', 'Monge'),
	('Caminho dos Quatro Elementos', 'Monge'),
	('Juramento de Devoção', 'Paladino'),
	('Juramento dos Anciões', 'Paladino'),
	('Juramento de Vingança', 'Paladino'),
	('Caçador', 'Patrulheiro'),
	('Mestre das Bestas', 'Patrulheiro');

insert into EspacoMagia (numeroTabela, linhaTabela, nivelMagia1, nivelMagia2, nivelMagia3, nivelMagia4, nivelMagia5, nivelMagia6, nivelMagia7, nivelMagia8, nivelMagia9) values 
    (1, 1, 2, 0, 0, 0, 0, 0, 0, 0, 0),
    (1, 2, 3, 0, 0, 0, 0, 0, 0, 0, 0),
    (1, 3, 4, 2, 0, 0, 0, 0, 0, 0, 0),
    (1, 4, 4, 3, 0, 0, 0, 0, 0, 0, 0),
    (1, 5, 4, 3, 2, 0, 0, 0, 0, 0, 0),
    (1, 6, 4, 3, 3, 0, 0, 0, 0, 0, 0),
    (1, 7, 4, 3, 3, 1, 0, 0, 0, 0, 0),
    (1, 8, 4, 3, 3, 2, 0, 0, 0, 0, 0),
    (1, 9, 4, 3, 3, 3, 1, 0, 0, 0, 0),
    (1, 10, 4, 3, 3, 3, 2, 0, 0, 0, 0),
    (1, 11, 4, 3, 3, 3, 2, 1, 0, 0, 0),
    (1, 12, 4, 3, 3, 3, 2, 1, 0, 0, 0),
    (1, 13, 4, 3, 3, 3, 2, 1, 1, 0, 0),
    (1, 14, 4, 3, 3, 3, 2, 1, 1, 0, 0),
    (1, 15, 4, 3, 3, 3, 2, 1, 1, 1, 0),
    (1, 16, 4, 3, 3, 3, 2, 1, 1, 1, 0),
    (1, 17, 4, 3, 3, 3, 2, 1, 1, 1, 1),
    (1, 18, 4, 3, 3, 3, 3, 1, 1, 1, 1),
    (1, 19, 4, 3, 3, 3, 3, 2, 1, 1, 1),
    (1, 20, 4, 3, 3, 3, 3, 2, 2, 1, 1),
    (2, 1, 0, 0, 0, 0, 0),
    (2, 2, 2, 0, 0, 0, 0),
    (2, 3, 3, 0, 0, 0, 0),
    (2, 4, 3, 0, 0, 0, 0),
    (2, 5, 4, 2, 0, 0, 0),
    (2, 6, 4, 2, 0, 0, 0),
    (2, 7, 4, 3, 0, 0, 0),
    (2, 8, 4, 3, 0, 0, 0),
    (2, 9, 4, 3, 2, 0, 0),
    (2, 10, 4, 3, 2, 0, 0),
    (2, 11, 4, 3, 3, 0, 0),
    (2, 12, 4, 3, 3, 0, 0),
    (2, 13, 4, 3, 3, 1, 0),
    (2, 14, 4, 3, 3, 1, 0),
    (2, 15, 4, 3, 3, 2, 0),
    (2, 16, 4, 3, 3, 2, 0),
    (2, 17, 4, 3, 3, 3, 1),
    (2, 18, 4, 3, 3, 3, 1),
    (2, 19, 4, 3, 3, 3, 2),
    (2, 20, 4, 3, 3, 3, 2);

insert into Atributo (nivel, nomeClasse, bonusProficiencia) values 
	(1, 'Bárbaro', 2),
	(2, 'Bárbaro', 2),
	(3, 'Bárbaro', 2),
	(4, 'Bárbaro', 2),
	(5, 'Bárbaro', 3),
	(6, 'Bárbaro', 3),
	(7, 'Bárbaro', 3),
	(8, 'Bárbaro', 3),
	(9, 'Bárbaro', 4),
	(10, 'Bárbaro', 4),
	(11, 'Bárbaro', 4),
	(12, 'Bárbaro', 4),
	(13, 'Bárbaro', 5),
	(14, 'Bárbaro', 5),
	(15, 'Bárbaro', 5),
	(16, 'Bárbaro', 5),
	(17, 'Bárbaro', 6),
	(18, 'Bárbaro', 6),
	(19, 'Bárbaro', 6),
	(20, 'Bárbaro', 6),
	(1, 'Bardo', 2),
	(2, 'Bardo', 2),
	(3, 'Bardo', 2),
	(4, 'Bardo', 2),
	(5, 'Bardo', 3),
	(6, 'Bardo', 3),
	(7, 'Bardo', 3),
	(8, 'Bardo', 3),
	(9, 'Bardo', 4),
	(10, 'Bardo', 4),
	(11, 'Bardo', 4),
	(12, 'Bardo', 4),
	(13, 'Bardo', 5),
	(14, 'Bardo', 5),
	(15, 'Bardo', 5),
	(16, 'Bardo', 5),
	(17, 'Bardo', 6),
	(18, 'Bardo', 6),
	(19, 'Bardo', 6),
	(20, 'Bardo', 6),
	(1, 'Bruxo', 2),
	(2, 'Bruxo', 2),
	(3, 'Bruxo', 2),
	(4, 'Bruxo', 2),
	(5, 'Bruxo', 3),
	(6, 'Bruxo', 3),
	(7, 'Bruxo', 3),
	(8, 'Bruxo', 3),
	(9, 'Bruxo', 4),
	(10, 'Bruxo', 4),
	(11, 'Bruxo', 4),
	(12, 'Bruxo', 4),
	(13, 'Bruxo', 5),
	(14, 'Bruxo', 5),
	(15, 'Bruxo', 5),
	(16, 'Bruxo', 5),
	(17, 'Bruxo', 6),
	(18, 'Bruxo', 6),
	(19, 'Bruxo', 6),
	(20, 'Bruxo', 6),
	(1, 'Clérigo', 2),
	(2, 'Clérigo', 2),
	(3, 'Clérigo', 2),
	(4, 'Clérigo', 2),
	(5, 'Clérigo', 3),
	(6, 'Clérigo', 3),
	(7, 'Clérigo', 3),
	(8, 'Clérigo', 3),
	(9, 'Clérigo', 4),
	(10, 'Clérigo', 4),
	(11, 'Clérigo', 4),
	(12, 'Clérigo', 4),
	(13, 'Clérigo', 5),
	(14, 'Clérigo', 5),
	(15, 'Clérigo', 5),
	(16, 'Clérigo', 5),
	(17, 'Clérigo', 6),
	(18, 'Clérigo', 6),
	(19, 'Clérigo', 6),
	(20, 'Clérigo', 6),
	(1, 'Druida', 2),
	(2, 'Druida', 2),
	(3, 'Druida', 2),
	(4, 'Druida', 2),
	(5, 'Druida', 3),
	(6, 'Druida', 3),
	(7, 'Druida', 3),
	(8, 'Druida', 3),
	(9, 'Druida', 4),
	(10, 'Druida', 4),
	(11, 'Druida', 4),
	(12, 'Druida', 4),
	(13, 'Druida', 5),
	(14, 'Druida', 5),
	(15, 'Druida', 5),
	(16, 'Druida', 5),
	(17, 'Druida', 6),
	(18, 'Druida', 6),
	(19, 'Druida', 6),
	(20, 'Druida', 6),
	(1, 'Feiticeiro', 2),
	(2, 'Feiticeiro', 2),
	(3, 'Feiticeiro', 2),
	(4, 'Feiticeiro', 2),
	(5, 'Feiticeiro', 3),
	(6, 'Feiticeiro', 3),
	(7, 'Feiticeiro', 3),
	(8, 'Feiticeiro', 3),
	(9, 'Feiticeiro', 4),
	(10, 'Feiticeiro', 4),
	(11, 'Feiticeiro', 4),
	(12, 'Feiticeiro', 4),
	(13, 'Feiticeiro', 5),
	(14, 'Feiticeiro', 5),
	(15, 'Feiticeiro', 5),
	(16, 'Feiticeiro', 5),
	(17, 'Feiticeiro', 6),
	(18, 'Feiticeiro', 6),
	(19, 'Feiticeiro', 6),
	(20, 'Feiticeiro', 6),
	(1, 'Guerreiro', 2),
	(2, 'Guerreiro', 2),
	(3, 'Guerreiro', 2),
	(4, 'Guerreiro', 2),
	(5, 'Guerreiro', 3),
	(6, 'Guerreiro', 3),
	(7, 'Guerreiro', 3),
	(8, 'Guerreiro', 3),
	(9, 'Guerreiro', 4),
	(10, 'Guerreiro', 4),
	(11, 'Guerreiro', 4),
	(12, 'Guerreiro', 4),
	(13, 'Guerreiro', 5),
	(14, 'Guerreiro', 5),
	(15, 'Guerreiro', 5),
	(16, 'Guerreiro', 5),
	(17, 'Guerreiro', 6),
	(18, 'Guerreiro', 6),
	(19, 'Guerreiro', 6),
	(20, 'Guerreiro', 6),
	(1, 'Ladino', 2),
	(2, 'Ladino', 2),
	(3, 'Ladino', 2),
	(4, 'Ladino', 2),
	(5, 'Ladino', 3),
	(6, 'Ladino', 3),
	(7, 'Ladino', 3),
	(8, 'Ladino', 3),
	(9, 'Ladino', 4),
	(10, 'Ladino', 4),
	(11, 'Ladino', 4),
	(12, 'Ladino', 4),
	(13, 'Ladino', 5),
	(14, 'Ladino', 5),
	(15, 'Ladino', 5),
	(16, 'Ladino', 5),
	(17, 'Ladino', 6),
	(18, 'Ladino', 6),
	(19, 'Ladino', 6),
	(20, 'Ladino', 6),
	(1, 'Mago', 2),
	(2, 'Mago', 2),
	(3, 'Mago', 2),
	(4, 'Mago', 2),
	(5, 'Mago', 3),
	(6, 'Mago', 3),
	(7, 'Mago', 3),
	(8, 'Mago', 3),
	(9, 'Mago', 4),
	(10, 'Mago', 4),
	(11, 'Mago', 4),
	(12, 'Mago', 4),
	(13, 'Mago', 5),
	(14, 'Mago', 5),
	(15, 'Mago', 5),
	(16, 'Mago', 5),
	(17, 'Mago', 6),
	(18, 'Mago', 6),
	(19, 'Mago', 6),
	(20, 'Mago', 6),
	(1, 'Monge', 2),
	(2, 'Monge', 2),
	(3, 'Monge', 2),
	(4, 'Monge', 2),
	(5, 'Monge', 3),
	(6, 'Monge', 3),
	(7, 'Monge', 3),
	(8, 'Monge', 3),
	(9, 'Monge', 4),
	(10, 'Monge', 4),
	(11, 'Monge', 4),
	(12, 'Monge', 4),
	(13, 'Monge', 5),
	(14, 'Monge', 5),
	(15, 'Monge', 5),
	(16, 'Monge', 5),
	(17, 'Monge', 6),
	(18, 'Monge', 6),
	(19, 'Monge', 6),
	(20, 'Monge', 6),
	(1, 'Paladino', 2),
	(2, 'Paladino', 2),
	(3, 'Paladino', 2),
	(4, 'Paladino', 2),
	(5, 'Paladino', 3),
	(6, 'Paladino', 3),
	(7, 'Paladino', 3),
	(8, 'Paladino', 3),
	(9, 'Paladino', 4),
	(10, 'Paladino', 4),
	(11, 'Paladino', 4),
	(12, 'Paladino', 4),
	(13, 'Paladino', 5),
	(14, 'Paladino', 5),
	(15, 'Paladino', 5),
	(16, 'Paladino', 5),
	(17, 'Paladino', 6),
	(18, 'Paladino', 6),
	(19, 'Paladino', 6),
	(20, 'Paladino', 6),
	(1, 'Patrulheiro', 2),
	(2, 'Patrulheiro', 2),
	(3, 'Patrulheiro', 2),
	(4, 'Patrulheiro', 2),
	(5, 'Patrulheiro', 3),
	(6, 'Patrulheiro', 3),
	(7, 'Patrulheiro', 3),
	(8, 'Patrulheiro', 3),
	(9, 'Patrulheiro', 4),
	(10, 'Patrulheiro', 4),
	(11, 'Patrulheiro', 4),
	(12, 'Patrulheiro', 4),
	(13, 'Patrulheiro', 5),
	(14, 'Patrulheiro', 5),
	(15, 'Patrulheiro', 5),
	(16, 'Patrulheiro', 5),
	(17, 'Patrulheiro', 6),
	(18, 'Patrulheiro', 6),
	(19, 'Patrulheiro', 6),
	(20, 'Patrulheiro', 6);

insert into Barbaro (nomeClasse, nivel,	danoFuria, furias) values 
	('Bárbaro', 1, 2, 2),
	('Bárbaro', 2, 2, 2),
	('Bárbaro', 3, 2, 3),
	('Bárbaro', 4, 2, 3),
	('Bárbaro', 5, 2, 3),
	('Bárbaro', 6, 2, 4),
	('Bárbaro', 7, 2, 4),
	('Bárbaro', 8, 2, 4),
	('Bárbaro', 9, 3, 4),
	('Bárbaro', 10, 3, 4),
	('Bárbaro', 11, 3, 4),
	('Bárbaro', 12, 3, 5),
	('Bárbaro', 13, 3, 5),
	('Bárbaro', 14, 3, 5),
	('Bárbaro', 15, 3, 5),
	('Bárbaro', 16, 4, 5),
	('Bárbaro', 17, 4, 6),
	('Bárbaro', 18, 4, 6),
	('Bárbaro', 19, 4, 6),
	('Bárbaro', 20, 4, 9999);

insert into Bardo (nomeClasse, nivel, truquesConhecidos, magiasConhecidas) values 
	('Bardo', 1, 2, 4),
	('Bardo', 2, 2, 5),
	('Bardo', 3, 2, 6),
	('Bardo', 4, 3, 7),
	('Bardo', 5, 3, 8),
	('Bardo', 6, 3, 9),
	('Bardo', 7, 3, 10),
	('Bardo', 8, 3, 11),
	('Bardo', 9, 3, 12),
	('Bardo', 10, 4, 14),
	('Bardo', 11, 4, 15),
	('Bardo', 12, 4, 15),
	('Bardo', 13, 4, 16),
	('Bardo', 14, 4, 18),
	('Bardo', 15, 4, 19),
	('Bardo', 16, 4, 19),
	('Bardo', 17, 4, 20),
	('Bardo', 18, 4, 22),
	('Bardo', 19, 4, 22),
	('Bardo', 20, 4, 22);

insert into ClasseEspacoMagia(nomeClasse, nivel, numeroTabela, linhaTabela) values 
    ('Bardo', 1, 1, 1),
    ('Bardo', 2, 1, 2),
    ('Bardo', 3, 1, 3),
    ('Bardo', 4, 1, 4),
    ('Bardo', 5, 1, 5),
    ('Bardo', 6, 1, 6),
    ('Bardo', 7, 1, 7),
    ('Bardo', 8, 1, 8),
    ('Bardo', 9, 1, 9),
    ('Bardo', 10, 1, 10),
    ('Bardo', 11, 1, 11),
    ('Bardo', 12, 1, 12),
    ('Bardo', 13, 1, 13),
    ('Bardo', 14, 1, 14),
    ('Bardo', 15, 1, 15),
    ('Bardo', 16, 1, 16),
    ('Bardo', 17, 1, 17),
    ('Bardo', 18, 1, 18),
    ('Bardo', 19, 1, 19),
    ('Bardo', 20, 1, 20),
    ('Clérigo', 1, 1, 1),
    ('Clérigo', 2, 1, 2),
    ('Clérigo', 3, 1, 3),
    ('Clérigo', 4, 1, 4),
    ('Clérigo', 5, 1, 5),
    ('Clérigo', 6, 1, 6),
    ('Clérigo', 7, 1, 7),
    ('Clérigo', 8, 1, 8),
    ('Clérigo', 9, 1, 9),
    ('Clérigo', 10, 1, 10),
    ('Clérigo', 11, 1, 11),
    ('Clérigo', 12, 1, 12),
    ('Clérigo', 13, 1, 13),
    ('Clérigo', 14, 1, 14),
    ('Clérigo', 15, 1, 15),
    ('Clérigo', 16, 1, 16),
    ('Clérigo', 17, 1, 17),
    ('Clérigo', 18, 1, 18),
    ('Clérigo', 19, 1, 19),
    ('Clérigo', 20, 1, 20),
    ('Druida', 1, 1, 1),
    ('Druida', 2, 1, 2),
    ('Druida', 3, 1, 3),
    ('Druida', 4, 1, 4),
    ('Druida', 5, 1, 5),
    ('Druida', 6, 1, 6),
    ('Druida', 7, 1, 7),
    ('Druida', 8, 1, 8),
    ('Druida', 9, 1, 9),
    ('Druida', 10, 1, 10),
    ('Druida', 11, 1, 11),
    ('Druida', 12, 1, 12),
    ('Druida', 13, 1, 13),
    ('Druida', 14, 1, 14),
    ('Druida', 15, 1, 15),
    ('Druida', 16, 1, 16),
    ('Druida', 17, 1, 17),
    ('Druida', 18, 1, 18),
    ('Druida', 19, 1, 19),
    ('Druida', 20, 1, 20),
    ('Feiticeiro', 1, 1, 1),
    ('Feiticeiro', 2, 1, 2),
    ('Feiticeiro', 3, 1, 3),
    ('Feiticeiro', 4, 1, 4),
    ('Feiticeiro', 5, 1, 5),
    ('Feiticeiro', 6, 1, 6),
    ('Feiticeiro', 7, 1, 7),
    ('Feiticeiro', 8, 1, 8),
    ('Feiticeiro', 9, 1, 9),
    ('Feiticeiro', 10, 1, 10),
    ('Feiticeiro', 11, 1, 11),
    ('Feiticeiro', 12, 1, 12),
    ('Feiticeiro', 13, 1, 13),
    ('Feiticeiro', 14, 1, 14),
    ('Feiticeiro', 15, 1, 15),
    ('Feiticeiro', 16, 1, 16),
    ('Feiticeiro', 17, 1, 17),
    ('Feiticeiro', 18, 1, 18),
    ('Feiticeiro', 19, 1, 19),
    ('Feiticeiro', 20, 1, 20),
    ('Mago', 1, 1, 1),
    ('Mago', 2, 1, 2),
    ('Mago', 3, 1, 3),
    ('Mago', 4, 1, 4),
    ('Mago', 5, 1, 5),
    ('Mago', 6, 1, 6),
    ('Mago', 7, 1, 7),
    ('Mago', 8, 1, 8),
    ('Mago', 9, 1, 9),
    ('Mago', 10, 1, 10),
    ('Mago', 11, 1, 11),
    ('Mago', 12, 1, 12),
    ('Mago', 13, 1, 13),
    ('Mago', 14, 1, 14),
    ('Mago', 15, 1, 15),
    ('Mago', 16, 1, 16),
    ('Mago', 17, 1, 17),
    ('Mago', 18, 1, 18),
    ('Mago', 19, 1, 19),
    ('Mago', 20, 1, 20),
    ('Paladino', 1, 2, 1),
    ('Paladino', 2, 2, 2),
    ('Paladino', 3, 2, 3),
    ('Paladino', 4, 2, 4),
    ('Paladino', 5, 2, 5),
    ('Paladino', 6, 2, 6),
    ('Paladino', 7, 2, 7),
    ('Paladino', 8, 2, 8),
    ('Paladino', 9, 2, 9),
    ('Paladino', 10, 2, 10),
    ('Paladino', 11, 2, 11),
    ('Paladino', 12, 2, 12),
    ('Paladino', 13, 2, 13),
    ('Paladino', 14, 2, 14),
    ('Paladino', 15, 2, 15),
    ('Paladino', 16, 2, 16),
    ('Paladino', 17, 2, 17),
    ('Paladino', 18, 2, 18),
    ('Paladino', 19, 2, 19),
    ('Paladino', 20, 2, 20),
    ('Patrulheiro', 1, 2, 1),
    ('Patrulheiro', 2, 2, 2),
    ('Patrulheiro', 3, 2, 3),
    ('Patrulheiro', 4, 2, 4),
    ('Patrulheiro', 5, 2, 5),
    ('Patrulheiro', 6, 2, 6),
    ('Patrulheiro', 7, 2, 7),
    ('Patrulheiro', 8, 2, 8),
    ('Patrulheiro', 9, 2, 9),
    ('Patrulheiro', 10, 2, 10),
    ('Patrulheiro', 11, 2, 11),
    ('Patrulheiro', 12, 2, 12),
    ('Patrulheiro', 13, 2, 13),
    ('Patrulheiro', 14, 2, 14),
    ('Patrulheiro', 15, 2, 15),
    ('Patrulheiro', 16, 2, 16),
    ('Patrulheiro', 17, 2, 17),
    ('Patrulheiro', 18, 2, 18),
    ('Patrulheiro', 19, 2, 19),
    ('Patrulheiro', 20, 2, 20);

insert into Bruxo (nomeClasse, nivel, truquesConhecidos, magiasConhecidas, nivelMagia, espacosMagia, invocacoesConhecidas) values 
	('Bruxo', 1, 2, 2, 1, 1, 0),
	('Bruxo', 2, 2, 3, 1, 2, 2),
	('Bruxo', 3, 2, 4, 2, 2, 2),
	('Bruxo', 4, 3, 5, 2, 2, 3),
	('Bruxo', 5, 3, 6, 3, 2, 3),
	('Bruxo', 6, 3, 7, 3, 2, 4),
	('Bruxo', 7, 3, 8, 4, 2, 4),
	('Bruxo', 8, 3, 9, 4, 2, 4),
	('Bruxo', 9, 3, 10, 5, 2, 5),
	('Bruxo', 10, 4, 10, 5, 3, 5),
	('Bruxo', 11, 4, 11, 5, 3, 5),
	('Bruxo', 12, 4, 11, 5, 3, 6),
	('Bruxo', 13, 4, 12, 5, 3, 6),
	('Bruxo', 14, 4, 12, 5, 3, 6),
	('Bruxo', 15, 4, 13, 5, 3, 7),
	('Bruxo', 16, 4, 13, 5, 3, 7),
	('Bruxo', 17, 4, 14, 5, 4, 7),
	('Bruxo', 18, 4, 14, 5, 4, 8),
	('Bruxo', 19, 4, 15, 5, 4, 8),
	('Bruxo', 20, 4, 15, 5, 4, 8);

insert into ClerigoDruidaMago (nomeClasse, nivel, truquesConhecidos) values 
	('Clérigo', 1, 3),
	('Clérigo', 2, 3),
	('Clérigo', 3, 3),
	('Clérigo', 4, 4),
	('Clérigo', 5, 4),
	('Clérigo', 6, 4),
	('Clérigo', 7, 4),
	('Clérigo', 8, 4),
	('Clérigo', 9, 4),
	('Clérigo', 10, 5),
	('Clérigo', 11, 5),
	('Clérigo', 12, 5),
	('Clérigo', 13, 5),
	('Clérigo', 14, 5),
	('Clérigo', 15, 5),
	('Clérigo', 16, 5),
	('Clérigo', 17, 5),
	('Clérigo', 18, 5),
	('Clérigo', 19, 5),
	('Clérigo', 20, 5),
	('Druida', 1, 2),
	('Druida', 2, 2),
	('Druida', 3, 2),
	('Druida', 4, 3),
	('Druida', 5, 3),
	('Druida', 6, 3),
	('Druida', 7, 3),
	('Druida', 8, 3),
	('Druida', 9, 3),
	('Druida', 10, 4),
	('Druida', 11, 4),
	('Druida', 12, 4),
	('Druida', 13, 4),
	('Druida', 14, 4),
	('Druida', 15, 4),
	('Druida', 16, 4),
	('Druida', 17, 4),
	('Druida', 18, 4),
	('Druida', 19, 4),
	('Druida', 20, 4)
	('Mago', 1, 3),
	('Mago', 2, 3),
	('Mago', 3, 3),
	('Mago', 4, 4),
	('Mago', 5, 4),
	('Mago', 6, 4),
	('Mago', 7, 4),
	('Mago', 8, 4),
	('Mago', 9, 4),
	('Mago', 10, 5),
	('Mago', 11, 5),
	('Mago', 12, 5),
	('Mago', 13, 5),
	('Mago', 14, 5),
	('Mago', 15, 5),
	('Mago', 16, 5),
	('Mago', 17, 5),
	('Mago', 18, 5),
	('Mago', 19, 5),
	('Mago', 20, 5);

insert into Feiticeiro (nomeClasse, nivel, pontosFeiticaria, truquesConhecidos, magiasConhecidas) values 
	('Feiticeiro', 1, 0, 4, 2),
	('Feiticeiro', 2, 2, 4, 3),
	('Feiticeiro', 3, 3, 4, 4),
	('Feiticeiro', 4, 4, 5, 5),
	('Feiticeiro', 5, 5, 5, 6),
	('Feiticeiro', 6, 6, 5, 7),
	('Feiticeiro', 7, 7, 5, 8),
	('Feiticeiro', 8, 8, 5, 9),
	('Feiticeiro', 9, 9, 5, 10),
	('Feiticeiro', 10, 10, 6, 11),
	('Feiticeiro', 11, 11, 6, 12),
	('Feiticeiro', 12, 12, 6, 12),
	('Feiticeiro', 13, 13, 6, 13),
	('Feiticeiro', 14, 14, 6, 13),
	('Feiticeiro', 15, 15, 6, 14),
	('Feiticeiro', 16, 16, 6, 14),
	('Feiticeiro', 17, 17, 6, 15),
	('Feiticeiro', 18, 18, 6, 15),
	('Feiticeiro', 19, 19, 6, 15),
	('Feiticeiro', 20, 20, 6, 15);

insert into Ladino (nomeClasse, nivel, quantidadeDadosAtaqueFurtivo, grandezaDadoAtaqueFurtivo) values 
	('Ladino', 1, 1, 6),
	('Ladino', 2, 1, 6),
	('Ladino', 3, 2, 6),
	('Ladino', 4, 2, 6),
	('Ladino', 5, 3, 6),
	('Ladino', 6, 3, 6),
	('Ladino', 7, 4, 6),
	('Ladino', 8, 4, 6),
	('Ladino', 9, 5, 6),
	('Ladino', 10, 5, 6),
	('Ladino', 11, 6, 6),
	('Ladino', 12, 6, 6),
	('Ladino', 13, 7, 6),
	('Ladino', 14, 7, 6),
	('Ladino', 15, 8, 6),
	('Ladino', 16, 8, 6),
	('Ladino', 17, 9, 6),
	('Ladino', 18, 9, 6),
	('Ladino', 19, 10, 6),
	('Ladino', 20, 10, 6);

insert into Monge (nomeClasse, nivel, deslocamentoSemArmadura, quantidadeDadosArtesMarciais, grandezaDadoArtesMarciais, pontosChi) values 
	('Monge', 1, 0, 1, 4, 0),
	('Monge', 2, 3, 1, 4, 2),
	('Monge', 3, 3, 1, 4, 3),
	('Monge', 4, 3, 1, 4, 4),
	('Monge', 5, 3, 1, 4, 5),
	('Monge', 6, 4.5, 1, 6, 6),
	('Monge', 7, 4.5, 1, 6, 7),
	('Monge', 8, 4.5, 1, 6, 8),
	('Monge', 9, 4.5, 1, 6, 9),
	('Monge', 10, 6, 1, 6, 10),
	('Monge', 11, 6, 1, 8, 11),
	('Monge', 12, 6, 1, 8, 12),
	('Monge', 13, 6, 1, 8, 13),
	('Monge', 14, 7.5, 1, 8, 14),
	('Monge', 15, 7.5, 1, 8, 15),
	('Monge', 16, 7.5, 1, 8, 16),
	('Monge', 17, 7.5, 1, 10, 17),
	('Monge', 18, 9, 1, 10, 18),
	('Monge', 19, 9, 1, 10, 19),
	('Monge', 20, 9, 1, 10, 20);

insert into Patrulheiro (nomeClasse, nivel, magiasConhecidas) values 
	('Patrulheiro', 1, 0),
	('Patrulheiro', 2, 2),
	('Patrulheiro', 3, 3),
	('Patrulheiro', 4, 3),
	('Patrulheiro', 5, 4),
	('Patrulheiro', 6, 4),
	('Patrulheiro', 7, 5),
	('Patrulheiro', 8, 5),
	('Patrulheiro', 9, 6),
	('Patrulheiro', 10, 6),
	('Patrulheiro', 11, 7),
	('Patrulheiro', 12, 7),
	('Patrulheiro', 13, 8),
	('Patrulheiro', 14, 8),
	('Patrulheiro', 15, 9),
	('Patrulheiro', 16, 9),
	('Patrulheiro', 17, 10),
	('Patrulheiro', 18, 10),
	('Patrulheiro', 19, 11),
	('Patrulheiro', 20, 11);

insert into ClasseMagia (nomeClasse, nomeMagia) values 
	('Bardo', 'Acalmar Emoções'),
	('Bruxo', 'Acalmar Emoções'),
	('Clérigo', 'Adivinhação'),
	('Bardo', 'Ampliar Plantas'),
	('Druida', 'Ampliar Plantas'),
	('Patrulheiro', 'Ampliar Plantas'),
	('Bruxo', 'Braços de Hadar'),
	('Bardo', 'Cativar'),
	('Bruxo', 'Cativar'),
	('Bardo', 'Cegueira/Surdez'),
	('Clérigo', 'Cegueira/Surdez'),
	('Feiticeiro', 'Cegueira/Surdez'),
	('Mago', 'Cegueira/Surdez'),
	('Clérigo', 'Chama Contínua'),
	('Mago', 'Chama Contínua'),
	('Bardo', 'Despistar'),
	('Mago', 'Despistar'),
	('Encarnação Fantasmagórica', 'Encarnação Fantasmagórica'),
	('Bardo', 'Enfraquecer Intelecto'),
	('Bardo', 'Espada de Mordenkainen'),
	('Mago', 'Espada de Mordenkainen'),
	('Feiticeiro', 'Globo de Invulnerabilidade'),
	('Mago', 'Globo de Invulnerabilidade'),
	('Bardo', 'Globos de Luz'),
	('Feiticeiro', 'Globos de Luz'),
	('Mago', 'Globos de Luz'),
	('Clérigo', 'Tempestade de Fogo'),
	('Druida', 'Tempestade de Fogo'),
	('Feiticeiro', 'Tempestade de Fogo'),
	('Bardo', 'Ver o Invisível'),
	('Feiticeiro', 'Ver o Invisível'),
	('Mago', 'Ver o Invisível');