insert into Magia (nomeMagia, nivel, tipo, descricao, alcance, componentes, duracao, tempoConjuracao)
	values
	('Acalmar Emoções', 2, 'Encantamento', 'Você tenta suprimir emoções fortes em um grupo de pessoas. Cada humanoide em uma esfera de 6 metros de raio, centrada em um ponto que você escolher dentro do alcance, deve realizar um teste de resistência de Carisma; uma criatura pode escolher falhar nesse teste, se desejar. Se uma criatura falhar na resistência, escolha um dentre os dois efeitos a seguir.<br /> Você pode suprimir qualquer efeito que esteja deixando a criatura enfeitiçada ou amedrontada. Quando essa magia terminar, qualquer efeito suprimido volta a funcionar, considerando que sua duração não tenha acabado nesse meio tempo.<br /> Alternativamente, você pode tornar um alvo indiferente às criaturas que você escolher que forem hostis a ele. Essa indiferença acaba se o alvo for atacado ou ferido por uma magia ou se ele testemunhar qualquer dos seus amigos sendo ferido. Quando a magia terminar, a criatura se tornará hostil novamente, a não ser que o Mestre diga o contrário.', '18 metros', 'V, S', 'Concentração, até 1 minuto', '1 ação'),
	('Adivinhação', 4, 'Adivinhação (ritual)', 'Sua magia e uma oferenda colocam você em contato com um deus ou servo divino. Você faz uma única pergunta a respeito de um objetivo, evento ou atividade específico que irá ocorrer dentro de 7 dias. O Mestre oferece uma resposta confiável. A resposta deve ser uma frase curta, uma rima enigmática ou um presságio.<br /> A magia não leva em consideração qualquer possível circunstância que possa mudar o que está por vir, como a conjuração de magias adicionais ou a perda ou ganho de um companheiro.<br /> Se você conjurar a magia duas ou mais vezes antes de completar seu próximo descanso longo, existe uma chance cumulativa de 25 por cento de cada conjuração, depois da primeira que você fez, ter um resultado aleatório. O Mestre faz essa jogada secretamente.', 'Pessoal', 'V, S, M (incenso e uma oferenda apropriada para sacrifício à sua religião, juntos valendo, no mínimo, 25 po, consumidos pela magia)', 'Instantânea', '1 ação'),
	('Ampliar Plantas', 3, 'Transmutação', 'Essa magia canaliza vitalidade nas plantas dentro de uma área especifica. Existem dois usos possíveis para essa magia, concedendo ou benefícios imediatos ou a longo prazo.<br /> Se você conjurar essa magia usando 1 ação, escolha um ponto dentro do alcance. Todas as plantas normais num raio de 30 metros centrado no ponto, tornam-se espessas e carregadas. Uma criatura se movendo na área deve gastar 6 metros de movimento para cada 1,5 metro que se mover.<br /> Você pode excluir uma ou mais áreas de qualquer tamanho, dentro da área da magia, para não ser afetada.<br /> Se você conjurar essa magia ao longo de 8 horas, você fertiliza a terra. Todas as plantas num raio de 800 metros, centrado no ponto dentro do alcance, ficam enriquecidas por 1 ano. As plantas fornecerão o dobro da quantidade normal de comida quando colhidas.', '45 metros', 'V, S', 'Instantânea', '1 ação ou 8 horas'),
	('Braços de Hadar', 1, 'Conjuração', 'Você invoca o poder de Hadar, o Faminto Sombrio. Tentáculos de energia negra brotam de você e golpeiam todas as criaturas a até 3 metros de você. Cada criatura na área deve realizar um teste de resistência de Força. Se falhar, o alvo sofre 2d6 de dano necrótico e não pode fazer reações até o próximo turno dela. Em um sucesso, uma criatura sofre metade do dano e não sofre qualquer outro efeito.<br /> <b>Em Níveis Superiores.</b> Quando você conjurar essa magia usando um espaço de magia de 2° nível ou superior, o dano aumenta em 1d6 para cada nível do espaço acima do 1°.', 'Pessoal (3 metros de raio)', 'V, S', 'Instantânea', '1 ação'),
	('Cativar', 2, 'Encantamento', 'Você tece um cordão de palavras distrativas, fazendo as criaturas, à sua escolha, que você puder ver dentro do alcance e que puderem ouvir você, realizarem um teste de resistência de Sabedoria. Qualquer criatura que não puder ser enfeitiçada, passa automaticamente nesse teste de resistência e, se você ou seus companheiros estiverem lutando com a criatura, ela terá vantagem na resistência. Se falhar na resistência, a criatura terá desvantagem em testes de Sabedoria (Percepção) feitos para notar qualquer criatura além de você, até a magia acabar ou até o alvo não poder mais ouvir você. A magia acaba se você estiver incapacitado ou incapaz de falar.', '18 metros', 'V, S', '1 minuto', '1 ação'),
	('Cegueira/Surdez', 2, 'Necromancia', 'Você pode cegar ou ensurdecer um oponente. Escolha uma criatura que você possa ver dentro do alcance para fazer um teste de resistência de Constituição. Se ela falhar, ficará ou cega ou surda (à sua escolha) pela duração. No final de cada um dos turnos dele, o alvo pode realizar um teste de resistência de Constituição. Se obtiver sucesso, a magia termina.<br /> <b>Em Níveis Superiores.<b/> Se você conjurar essa magia usando um espaço de magia de 3° nível ou superior, você pode afetar uma criatura adicional para cada nível de espaço acima do 2°.', '9 metros', 'V', '1 minuto', '1 ação'),
	('Chama Contínua', 2, 'Evocação', 'Uma chama, que produz iluminação equivalente a uma tocha, surge de um objeto que você tocar. O efeito é parecido com o de uma chama normal, mas ele não produz calor e não consome oxigênio. Uma chama continua pode ser coberta ou escondida, mas não sufocada ou extinta.', 'Toque', 'V, S, M (pó de rubi no valor de 50 po, consumido pela magia)', 'Até ser dissipada', '1 ação'),
	('Despistar', 5, 'Ilusão', 'Você fica invisível ao mesmo tempo que uma cópia ilusória sua aparece onde você estava. A cópia permanece pela duração, mas a invisibilidade acaba se você atacar ou conjurar uma magia.<br /> Você pode usar sua ação para mover a cópia ilusória até o dobro do seu deslocamento e fazê-la gesticular, falar e se comportar da forma que você quiser.<br /> Você pode ver através dos olhos e ouvir através dos ouvidos da cópia como se você estivesse localizado onde ela está. Em cada um dos seus turnos, com uma ação bônus, você pode trocar o uso dos sentidos dela pelo seu ou voltar novamente. Enquanto você está usando os sentidos dela, você fica cego e surdo ao que está a sua volta.', 'Pessoal', 'S', 'Concentração, até 1 hora', '1 ação'),
	('Encarnação Fantasmagórica', 9, 'Ilusão', 'Baseado nos mais profundos medos de um grupo de criaturas, você cria criaturas ilusórias nas mentes delas, visíveis apenas por elas. Cada criatura numa esfera com 9 metros de raio centrada num ponto, à sua escolha, dentro do alcance, deve realizar um teste de resistência de Sabedoria. Se falhar na resistência, uma criatura ficará amedrontada pela duração. A ilusão invoca os medos mais profundos da criatura, manifestando seus piores pesadelos como uma ameaça implacável. No final de cada turno da criatura amedrontada, ela deve ser bem sucedida num teste de resistência de Sabedoria ou sofrerá 4d10 de dano psíquico. Se obtiver sucesso na resistência, a magia termina para essa criatura.', '36 metros', 'V, S', 'Concentração, até 1 minuto', '1 ação'),
	('Enfraquecer Intelecto', 8, 'Encantamento', 'Você ataca a mente de uma criatura que você possa ver, dentro do alcance, tentando despedaçar seu intelecto e personalidade. O alvo sofre 4d6 de dano psíquico e deve realizar um teste de resistência de Inteligência.<br /> Se falhar na resistência, os valores de Inteligência e Carisma da criatura se tornam 1. A criatura não pode conjurar magias, ativar itens mágicos, compreender idiomas ou se comunicar de qualquer forma inteligível. A criatura pode, no entanto, identificar seus amigos, seguilos e, até mesmo, protege-los.<br /> Ao final de cada 30 dias, a criatura pode repetir seu teste de resistência contra essa magia. Se ela obtiver sucesso no teste de resistência, a magia termina. Essa magia também pode ser terminada através de restauração maior, cura completa ou desejo.', '45 metros', 'V, S, M (um punhado de barro, cristal, vidro ou esferas minerais)', 'Instantânea', '1 ação'),
	('Espada de Mordenkainen', 7, 'Evocação', 'Você cria um plano de energia em formato de espada que flutua dentro do alcance. Ela permanece pela duração.<br /> Quando a espada aparece, você realiza um ataque com magia contra um alvo, à sua escolha, a 1,5 metro da espada. Se atingir, o alvo sofre 3d10 de dano de energia. Até a magia acabar, você pode usar uma ação bônus, em cada um dos seus turnos, para mover a espada até 6 metros para um local que você possa ver e repetir esse ataque contra o mesmo alvo ou um diferente.', '18 metros', 'V, S, M (espada de platina em miniatura com cabo e pomo de cobre e zinco valendo, no mínimo, 250 po)', 'Concentração, até 1 minuto', '1 ação'),
	('Globo de Invulnerabilidade', 6, 'Abjuração', 'Uma barreira imóvel, levemente cintilante, surge do nada num raio de 3 metros centrado em você e permanece pela duração.<br /> Qualquer magia de 5° nível ou inferior conjurada de fora da barreira não poderá afetar as criaturas ou objetos dentro dela, mesmo que a magia seja conjurada usando um espaço de magia de nível superior. Tais magias podem ter como alvo criaturas e objetos dentro da barreira, mas a magia não produz nenhum efeito neles. Similarmente, a área dentro da barreira é excluída das áreas afetadas por tais magias.<br /> <b>Em Níveis Superiores.</b> Quando você conjurar essa magia usando um espaço de magia de 7° nível ou superior, a barreira bloqueia magias de um nível superior para cada nível do espaço acima do 6°.', 'Pessoal (3 metros de raio)', 'V, S, M (uma perola de vidro ou cristal que se despedaça quando a magia termina)', 'Concentração, até 1 minuto', '1 ação'),
	('Globos de Luz', 0, 'Evocação', 'Você cria até quatro luzes do tamanho de tochas dentro do alcance, fazendo-as parecerem tochas, lanternas ou esferas luminosas que flutuam no ar pela duração. Você também pode combinar as quatro luzes em uma forma luminosa, vagamente humanoide, de tamanho Médio. Qualquer que seja a forma que você escolher, cada luz produz penumbra num raio de 3 metros.<br /> Com uma ação bônus, no seu turno, você pode mover as luzes, até 18 metros, para um novo local dentro do alcance. Uma luz deve estar a, pelo menos, 6 metros de outra luz criada por essa magia e uma luz some se exceder o alcance da magia.', '36 metros', 'V, S, M (um pouco de fósforo ou wychwood ou um inseto luminoso)', 'Concentração, até 1 minuto', '1 ação'),
	('Tempestade de Fogo', 7, 'Evocação', 'Uma tempestade feita de camadas de chamas crepitantes aparece num local, à sua escolha, dentro do alcance. A área da tempestade consiste de até dez cubos de 3 metros, que você pode organizar como desejar. Cada cubo deve ter, pelo menos, uma face adjacente a face de outro cubo. Cada criatura na área deve realizar um teste de resistência de Destreza. Ela sofre 7d10 de dano de fogo se falhar na resistência, ou metade desse dano se obtiver sucesso.<br /> O fogo causa dano aos objetos na área e incendeia objetos inflamáveis que não estejam sendo vestidos ou carregados. Se desejar, a vida vegetal na área pode não ser afetada por essa magia.', '45 metros', 'V, S', 'Instantânea', '1 ação');
	('Ver o Invisível', 2, 'Adivinhação', 'Pela duração, você vê criaturas e objetos invisíveis como se eles fossem visíveis e você pode ver no Plano Etéreo. Criaturas e objetos etéreos parecem espectrais e translúcidos.', 'Pessoal', 'V, S, M (um pouco de talco e um pó de prata polvilhado)', '1 hora', '1 ação'),


insert into Pericia (nomePericia, descricao, habilidadeImpacta)
	values
	('Atletismo', 'abrange as situações difíceis que você encontra ao escalar, saltar ou nadar', 'Força'),
	('Acrobacia', 'Um teste de Destreza (Acrobacia) abrange uma tentativa de permanecer de pé em uma situação complicada, como tentar correr sobre uma camada de gelo, equilibrar-se na corda bamba ou ficar de pé no convés de um navio que balança. O Mestre também pode pedir um teste de Destreza (Acrobacia) para ver se você é capaz de realizar acrobacias, como cambalhotas e saltos mortais.','Destreza'),
	('Furtividade', 'Um teste de Destreza (Furtividade) é realizado para tentar esconder-se de inimigos, esgueirar-se por guardas, escapar sem ser notado, ou aproximar-se de alguém sem ser visto ou ouvido.', 'Destreza'),
	('Prestidigitação', 'Sempre que você tentar realizar um ato de prestidigitação ou de trapaça manual, como plantar alguma coisa em outra pessoa ou esconder um objeto em sua roupa, você deve fazer um teste de Destreza (Prestidigitação). O Mestre também pode pedir um teste de Destreza (Prestidigitação) para determinar se você pode roubar uma bolsa de moedas de outra pessoa ou pegar algo do bolso de outra pessoa.', 'Destreza'),
	('Arcanismo', 'Um teste de Inteligência (Arcanismo) mede conhecimento sobre magias, itens mágicos, símbolos sobrenaturais, tradições mágicas, os planos de existência e os habitantes desses planos.', 'Inteligência'),
	('História', 'Um teste de Inteligência (História) mede o conhecimento sobre eventos históricos, pessoas lendárias, reinos antigos, disputas passadas, guerras recentes e civilizações perdidas.', 'Inteligência'),
	('Investigação', 'Quando você olha ao redor em busca de pistas e faz deduções com base nesses indícios, você realiza um teste de Inteligência (Investigação). Você pode deduzir a localização de um objeto escondido, discernir, a partir da aparência de um ferimento, que tipo de arma o causou, ou determinar o ponto mais fraco em um túnel que poderia causar o seu colapso. Debruçar-se sobre pergaminhos antigos em busca de um fragmento escondido de conhecimento também pode necessitar um teste de Inteligência (Investigação).', 'Inteligência'),
	('Natureza', 'Um teste de Inteligência (Natureza) mede oconhecimento sobre terreno, plantas e animais, clima eciclos naturais.', 'Inteligência'),
	('Religião', 'Um teste de Inteligência (Religião) mede o conhecimento de lendas sobre divindades, rituais e orações, hierarquias religiosas, símbolos sagrados e práticas de cultos secretos.', 'Inteligência'),
	('Adestrar Animais', 'Quando houver a necessidade de saber se você pode acalmar um animal domesticado, impedir uma montaria de se assustar, ou intuir as intenções de um animal, o Mestre pode pedir um teste de Sabedoria (Adestrar Animais). Você também realiza um teste de Sabedoria (Adestrar Animais) para controlar sua montaria ao tentar uma manobra arriscada.', 'Sabedoria'),
	('Intuição', 'Um teste de Sabedoria (Intuição) decide se você pode determinar as verdadeiras intenções de uma criatura, perceber uma mentira ou prever o próximo movimento de alguém. Fazer isso envolve recolher pistas a partir da linguagem corporal, os hábitos da fala e as mudanças nos maneirismos.', 'Sabedoria'),
	('Medicina', 'Um teste de Sabedoria (Medicina) permite tentar estabilizar um companheiro que está morrendo ou diagnosticar uma doença.', 'Sabedoria'),
	('Percepção', 'Um teste de Sabedoria (Percepção) permite observar, ouvir ou detectar a presença de alguma coisa de outra forma. A percepção mede a consciência geral do que está acontecendo ao seu redor e a acuidade de seus sentidos. Por exemplo, você pode tentar ouvir uma conversa através de uma porta fechada, bisbilhotar sob uma janela aberta ou ouvir monstros movendo-se furtivamente na floresta. Ou você pode tentar detectar coisas que são obscurecidas ou que normalmente passariam despercebidas, desde uma emboscada de orcs em uma estrada, bandidos escondidos nas sombras de um beco ou uma porta secreta fechada somente com a luz de velas.', 'Sabedoria'),
	('Sobrevivência', 'Um teste de Sabedoria (Sobrevivência) é feito para seguir rastros, caçar, orientar ogrupo através de terras congeladas, identificar sinais deque ursos-coruja vivem nas proximidades, prever o tempo, ou evitar areia movediça e outros perigos naturais.', 'Sabedoria'),
	('Atuação', 'Um teste de Carisma (Atuação) determina o quão bem você pode entreter uma plateia com música, dança, atuação, contando histórias ou alguma outra forma de entretenimento.', 'Carisma'),
	('Enganação', 'Um teste de Carisma (Enganação) determina se você pode esconder a verdade de forma convincente, verbalmente ou através de suas ações. Esse engano pode abranger tudo, como iludir os outros através de uma mentira cheia de ambiguidade. Situações típicas incluem tentar ludibriar um guarda, iludir um comerciante, ganhar dinheiro através de jogos de azar, usar um disfarce, amenizar as suspeitas de alguém com falsas garantias ou manter uma cara séria ao contar uma mentira descarada.', 'Carisma'),
	('Intimidação', 'Ao tentar influenciar alguém através de ameaças abertas, ações hostis e violência física, o Mestre pode pedir a realização de um teste de Carisma (Intimidação). Exemplos incluem tentar arrancar informações de um prisioneiro, convencer bandidos de rua a recuar de um confronto ou usar uma garrafa quebrada para convencer um vizir sarcástico a reconsiderar uma decisão.','Carisma'),
	('Persuasão', 'Quando você tenta influenciar alguém ou um grupo de pessoas com tato, delicadeza ou boa índole, o Mestre pode pedir para você fazer de um teste de Carisma (Persuasão). Normalmente, você usa a Persuasão quando está agindo de boa-fé, para promover amizades, fazer pedidos cordiais ou exibir a etiqueta apropriada.', 'Carisma');

insert into Talento (nomeTalento, preRequisito, descricao)
	values
	('Adepto Elemental', 'Capacidade de conjurar pelo menos uma magia', 'Quando você ganha esse talento, escolha um dos tipos de dano a seguir: ácido, elétrico, fogo, frio ou trovão.<br /> As magias que você conjurar ignoram resistência a dano do tipo escolhido. Além disso, quando você rola o dano para uma magia que você conjurar que causar dano desse tipo, você pode tratar qualquer 1 num dado de dano como um 2.<br /> Você pode escolher esse talento diversas vezes. A cada vez que o fizer, você deve escolher um tipo diferente de dano.'),
	('Adepto Marcial', null, 'Você tem treinamento marcial que permite a você realizar manobras de combate especiais. Você ganha os seguintes benefícios:'),
	('Alerta', null, 'Sempre a espera de perigo, você ganha os seguintes benefícios:'),
	('Ambidestro', null, 'Você dominou o estilo de luta com duas armas, ganhando os seguintes benefícios:'),
	('Atacante Bestial', null, 'Uma vez por turno, quando você rolar o dano para um ataque corpo-a-corpo com arma, você pode jogar novamente o dado de dano da arma e usar qualquer dos valores.'),
	('Atirador Aguçado', null, 'Você dominou o uso de armas à distância e pode realizar tiros que seriam impossíveis para outros. Você ganha os seguintes benefícios:'),
	('Atirador de Magia', ' Capacidade de conjurar pelo menos uma magia', 'Você aprendeu técnicas para aprimorar seus ataques com certos tipos de magia, ganhando os seguintes benefícios:'),
	('Atleta', null, 'Você passou por extenso treinamento físico para ganhar os seguintes benefícios:'),
	('Ator', null, 'Perito em mimica e dramaturgia, você recebe os seguintes benefícios:'),
	('Combatente Montado', null, 'Você é um oponente perigoso de se enfrentar quando está montado. Enquanto estiver montado e não estiver incapacitado, você ganha os seguintes benefícios:'),
	('Conjurador de Guerra', 'Capacidade de conjurar pelo menos uma magia', 'Você praticou a conjuração de magias no meio do combate, aprendendo técnicas que lhe concedem os seguintes benefícios:'),
	('Conjurador de Ritual', 'Inteligência ou Sabedoria 13 ou maior', 'Você aprendeu um número de magias que você pode conjurar como rituais. Essas magias são escritas em um livro de rituais, o qual deve estar em suas mãos enquanto você conjura uma dessas magias.<br /> Quando você escolhe esse talento, você adquire um livro de rituais que contem duas magias de 1° nível, à sua escolha. Escolha uma das seguintes classes: bardo, bruxo, clérigo, druida, feiticeiro ou mago. Você deve escolher suas magias da lista de magias dessa classe e as magias escolhidas devem ter o descritor ritual. A classe que você escolheu também determina a habilidade de conjuração dessas magias: Carisma para bardo, bruxo ou feiticeiro; Sabedoria para clérigo ou druida; ou Inteligência para mago.<br /> Se você encontrar uma magia na forma escrita, como a contida em um pergaminho de magia ou o grimório de um mago, você é capaz de adicioná-la ao seu livro de rituais. A magia deve estar na lista de magias da classe escolhida, o nível da magia não pode ser maior que metade do seu nível (arredondado para cima) e deve conter o descritor ritual. O processo para copiar a magia no seu livro de rituais leva 2 horas por nível da magia e custa 50 po por nível. O custo representa os componentes materiais que você gasta para experimentar a magia até dominá-la, bem como as finas tintas utilizadas para escrevê-la.'),
	('Curandeiro', null, 'Você é um cirurgião capacitado, permitindo que você trate de ferimentos rapidamente, trazendo seus aliados de volta à luta. Você adquire os seguintes benefícios:'),
	('Duelista Defensivo', 'Destreza 13 ou maior', 'Quando você estiver empunhando uma arma de acuidade com a qual você seja proficiente e outra criatura atingir você com um ataque corpo-a-corpo, você pode usar sua reação para adicionar seu bônus de proficiência a sua CA para esse ataque, potencialmente fazendo o ataque errar.'),
	('Especialista em Besta', null, 'Graças a sua pratica extensiva com bestas, você ganha os seguintes benefícios:'),
	('Especialista em Briga', null, 'Acostumado a brigas de bar usando qualquer coisa como armas, e na falta, os punhos, você ganha os seguintes benefícios:'),
	('Explorador de Cavernas', null, 'Alerta às armadilhas escondidas e portas secretas encontradas em muitas masmorras, você ganha os seguintes benefícios:'),
	('Imobilizador', 'Força 13 ou maior', 'Você desenvolveu a perícia necessária para se prender a alguém em um combate engajado. Você recebe os seguintes benefícios:'),
	('Iniciado em Magia', null, 'Escolha uma classe: bardo, bruxo, clérigo, druida, feiticeiro ou mago. Você aprende dois truques da lista de magias da classe escolhida.<br /> Além disso, escolha uma magia de 1° nível da mesma lista. Você aprende essa magia e pode conjura-la com o menor nível possível. Uma vez que a conjure, você precisa terminar um descanso longo para poder conjura-la novamente. Essa restrição aplica-se apenas à magia adquirida através desse talento.<br /> Sua habilidade de conjuração depende da classe que você escolher: Carisma para bardo, bruxo ou feiticeiro; Sabedoria para clérigo ou druida; ou Inteligência para mago.'),
	('Investida Poderosa', null, 'Quando você usa a ação de Disparada, você pode usar sua ação bônus para realizar um ataque corpo-a-corpo com arma ou para empurrar uma criatura.<br /> Se você se mover, pelo menos, 3 metros em linha reta, imediatamente antes de realizar essa ação bônus, você pode tanto ganhar +5 de bônus na jogada de dano do ataque (se você escolher realizar um ataque corpo-a-corpo e atingir) ou empurrar o alvo até 3 metros de você (se você escolher empurrar e for bem sucedido).'),
	('Lider Inspirador', 'Carisma 13 ou maior', 'Você pode gastar 10 minutos inspirando seus companheiros, suportando a vontade deles de lutar. Quando fizer isso, escolha até seis criaturas amigáveis (que pode incluir você) a até 9 metros de você que possam ver ou ouvir você e possam te compreender. Cada criatura ganha pontos de vida temporários igual ao seu nível + seu modificador de Carisma. Uma criatura não pode ganhar pontos de vida temporários desse talento novamente até terminar um descanso curto ou longo.'),
	('Maestria em Arma de Haste', null, 'Você consegue manter seus inimigos afastados utilizando armas de haste. Você ganha os seguintes benefícios:'),
	('Maestria em Armadura Média', 'Proficiência em armadura média', 'Você praticou seus movimentos usando armaduras pesadas para ganhar os seguintes benefícios:'),
	('Maestria em Armadura Pesada', 'Proficiência em armadura pesada', 'Você pode usar sua armadura para defletir ataques potencialmente fatais a outros. Você ganha os seguintes benefícios:'),
	('Matador de Conjuradores', null, 'Você praticou técnicas úteis em combate corpo-a-corpo contra conjuradores, ganhando os seguintes benefícios:'),
	('Mente Afiada', null, 'Você tem uma mente que pode cronometrar o tempo e memorizar direção e detalhes com precisão absurda. Você ganha os seguintes benefícios:'),
	('Mestre de Armas', null, 'Você tem praticado extensamente com uma variedade de armas, ganhando os seguintes benefícios:'),
	('Mestre de Armas Grandes', null, 'Você aprendeu a usar o peso em sua vantagem, deixando o balanço potencializar seus golpes. Você recebe os seguintes benefícios:'),
	('Mestre de Escudo', null, 'Você não usa escudos apenas para proteção, mas também de forma ofensiva. Você ganha os seguintes benefícios enquanto estiver empunhando um escudo:'),
	('Mobilidade', null, 'Você é excepcionalmente rápido e ágil. Você ganha os seguintes benefícios:'),
	('Observador', null, 'Rápido em perceber os detalhes do ambiente, você ganha os seguintes benefícios:'),
	('Perito', null, 'Você ganha proficiência em qualquer combinação de três perícias ou ferramentas, à sua escolha.'),
	('Poliglota', null, 'Você estudou línguas e códigos, ganhando os seguintes benefícios:'),
	('Proteção Leve', null, 'Você treinou até dominar o uso de armaduras leves, ganhando os seguintes benefícios:'),
	('Proteção Moderada', 'Proficiência em armadura leve', 'Você treinou até dominar o uso de armaduras médias e escudos, ganhando os seguintes benefícios:'),
	('Proteção Pesada', 'Proficiência em armadura média', 'Você treinou até dominar o uso de armaduras pesadas, ganhando os seguintes benefícios:'),
	('Resiliente', null, 'Escolha um valor de habilidade. Você ganha os seguintes benefícios:'),
	('Resistente', null, 'Duro e resistente, você ganha os seguintes benefícios:'),
	('Robusto', null, 'Seu máximo de pontos de vida aumenta em um valor igual a duas vezes seu nível quando você adquire esse talento. Toda vez que você ganhar um nível, após isso, seu máximo de pontos de vida aumenta em 2 pontos de vida adicionais.'),
	('Sentinela', null, 'Você domina técnicas para obter vantagem a cada vez que qualquer inimigo baixar a guarda, ganhando os seguintes benefícios:'),
	('Sorrateiro', 'Destreza 13 ou maior', 'Você é especialista em espreitar através das sombras. Você ganha os seguintes benefícios:'),
	('Sortudo', null, 'Você tem uma sorte inexplicável que parece surgir nos momentos exatos.<br /> Você tem 3 pontos de sorte. A qualquer momento que você realizar uma jogada de ataque, teste de habilidade ou teste de resistência, você pode gastar um ponto de sorte para rolar um d20 adicional. Você pode escolher gastar um dos seus pontos de sorte depois de rolar o dado, mas antes de saber o resultado da jogada. Você escolhe qual dos d20s irá usar para a jogada de ataque, teste de habilidade ou teste de resistência.<br />  Você também pode gastar um ponto de sorte quando uma jogada de ataque for feita contra você. Role um d20, e então escolha se o ataque irá usar a jogada do atacante ou a sua.<br /> Se mais de uma criatura gastar um ponto de sorte para influenciar uma mesma jogada, os pontos se cancelam mutuamente; nenhum dado adicional é rolado. Você recupera seus pontos de sorte gastos após terminar um descanso longo.');

insert into BonusTalento (nomeTalento, descricao)
	values
	('Adepto Marcial', 'Você aprende duas manobras, à sua escolha, das que estão disponíveis ao arquétipo Mestre de Batalha na classe guerreiro. Se a manobra que você usar obrigar um alvo a realizar um teste de resistência, a CD do teste de resistência será igual a 8 + seu bônus de proficiência + seu modificador de Força ou Destreza (à sua escolha).'),
	('Adepto Marcial', 'Se você já tiver dados de superioridade, você ganha um adicional; do contrário, você terá um dado de superioridade, que é um d6. Esse dado é usado para abastecer suas manobras. Um dado de superioridade é gasto quando você o usa. Você recupera seus dados de superioridade gastos quando termina um descanso curto ou longo.'),
	('Alerta', 'Você recebe +5 de bônus em iniciativa.'),
	('Alerta', 'Você não pode ser surpreso enquanto estiver consciente.'),
	('Alerta', 'Outras criaturas não ganham vantagem nas jogadas de ataque contra você por estarem escondidas de você.'),
	('Ambidestro', 'Você ganha +1 de bônus na CA enquanto estiver empunhando uma arma corpo-a-corpo em cada mão.'),
	('Ambidestro', 'Você pode usar combater com duas armas mesmo que a arma de uma mão que você está empunhando não seja leve.'),
	('Ambidestro', 'Você pode sacar ou guardar duas armas de uma mão quando você, normalmente, seria capaz de sacar ou guardar apenas uma.'),
	('Atirador Aguçado', 'Atacar um alvo além da distância normal não impõem desvantagem nas suas jogadas de ataque com armas à distância.'),
	('Atirador Aguçado', 'Seus ataques com armas à distância ignoram meiacobertura e três-quartos de cobertura.'),
	('Atirador Aguçado', 'Antes de realizar um ataque com uma arma à distância na qual você seja proficiente, você pode escolher sofrer –5 de penalidade na jogada de ataque. Se o ataque atingir, você adiciona +10 no dano do ataque.'),
	('Atirador de Magia', 'Quando você conjura uma magia que requer que você realize uma jogada de ataque, o alcance da magia é dobrada.'),
	('Atirador de Magia', 'Seus ataques à distância com magia ignoram meiacobertura ou três-quartos de cobertura.'),
	('Atirador de Magia', 'Você aprende um truque que requer uma jogada de ataque. Escolha o truque da lista de magias do bardo, bruxo, clérigo, druida, feiticeiro ou mago. Sua habilidade de conjuração para esse truque depende da lista de magia a qual você escolheu o truque: Carisma para bardo, bruxo ou feiticeiro; Sabedoria para clérigo ou druida; ou Inteligência para mago.'),
	('Atleta', 'Aumente seu valor de Força ou Destreza em 1, até o máximo de 20.'),
	('Atleta', 'Quando você estiver caído, se levantar requer apenas 1,5 metro do seu deslocamento.'),
	('Atleta', 'Escalar não custa movimento adicional a você.'),
	('Atleta', 'Você pode realizar um salto em distância correndo ou um salto em altura correndo se movendo apenas um passo de ajuste de 1,5 metro, ao invés de 3 metros.'),
	('Ator', 'Aumente seu valor de Carisma em 1, até o máximo de 20.'),
	('Ator', 'Você tem vantagem em testes de Carisma (Atuação) e Carisma (Enganação) quando você estiver tentando se passar por uma pessoa diferente.'),
	('Ator', 'Você pode imitar a articulação de outra pessoa ou os sons feitos por outras criaturas. Você deve ter ouvido a pessoa falando ou ouvido a criatura fazendo o som por, pelo menos, 1 minuto. Um sucesso num teste de Sabedoria (Intuição) resistido pelo seu teste de Carisma (Enganação) permite que um ouvinte determine que o efeito é falso.'),
	('Combatente Montado', 'Você tem vantagem nas jogadas de ataque corpo-acorpo contra qualquer criatura desmontada que seja menor que a sua montaria.'),
	('Combatente Montado', 'Você pode forçar que um ataque direcionado a sua montaria seja direcionado a você, em seu lugar.'),
	('Combatente Montado', 'Se sua montaria for alvo de um efeito que permita a ela realizar um teste de resistência de Destreza para reduzir o dano à metade, ao invés disso, ela não sofre qualquer dano se for bem sucedida no teste de resistência, e apenas metade se falhar.'),
	('Conjurador de Guerra', 'Você tem vantagem em testes de resistência de Constituição para manter sua concentração em uma magia quando você sofrer dano.'),
	('Conjurador de Guerra', 'Você pode realizar os componentes somáticos de uma magia mesmo quando está com armas ou um escudo em uma ou ambas as mãos.'),
	('Conjurador de Guerra', 'Quando o movimento de uma criatura hostil provocar um ataque de oportunidade para você, você pode usar sua reação para conjurar uma magia na criatura, ao invés de realizar o ataque de oportunidade. A magia deve ter um tempo de conjuração de 1 ação e deve ter apenas uma criatura como alvo.'),
	('Curandeiro', 'Quando você usar um kit de primeiros-socorros para estabilizar uma criatura morrendo, a criatura recupera 1 ponto de vida, ao invés disso.'),
	('Curandeiro', 'Com uma ação, você pode gastar um uso do kit de primeiros-socorros para tratar de uma criatura e restaurar 1d6 + 4 pontos de vida mais uma quantidade de pontos de vida adicionais igual ao número total de Dados de Vida da criatura. A criatura não pode recuperar pontos de vida através desse talento novamente até ter terminado um descanso curto ou longo.'),
	('Especialista em Besta', 'Você ignora a qualidade de recarga de bestas nas quais você é proficiente.'),
	('Especialista em Besta', 'Estar a 1,5 metro de uma criatura hostil não impõem desvantagem nas suas jogadas de ataque à distância.'),
	('Especialista em Besta', 'Quando você usa a ação de Ataque e ataca com uma arma de uma mão, você pode usar sua ação bônus para atacar com uma besta de mão carregada que você esteja empunhando.'),
	('Especialista em Briga', 'Aumente o valor de Força ou Constituição em 1, até o máximo de 20.'),
	('Especialista em Briga', 'Seus ataques desarmados causam 1d4 de dano.'),
	('Especialista em Briga', 'Quando você atinge uma criatura com um ataque desarmado ou com uma arma improvisada, no seu turno, você pode usar uma ação bônus para tentar agarrar o alvo'),
	('Explorador de Cavernas', 'Você tem vantagem em testes de Sabedoria (Percepção) e de Inteligência (Investigação) feitos para detectar a presença de portas secretas.'),
	('Explorador de Cavernas', 'Você tem vantagem em testes de resistência feitos para evitar ou resistir a armadilhas.'),
	('Explorador de Cavernas', 'Você tem resistência ao dano causado por armadilhas.'),
	('Explorador de Cavernas', 'Você pode procurar armadilhas enquanto viaja a um ritmo normal, ao invés de metade do ritmo.'),
	('Imobilizador', 'Você tem vantagem nas jogadas de ataque contra uma criatura agarrada.'),
	('Imobilizador', 'Você pode usar sua ação para tentar imobilizar uma criatura agarrada por você. Para tanto, realize outro teste de agarrar. Se você for bem sucedido, você e a criatura estarão ambos impedidos até o agarre terminar.'),
	('Maestria em Arma de Haste', 'Quando você realiza a ação de Ataque e ataca com uma glaive, alabarda ou bordão, você pode usar uma ação bônus para realizar um ataque corpo-a-corpo com a outra extremidade da arma. Esse ataque usa o mesmo modificador de habilidade do ataque primário. O dado de dano da arma para esse ataque é um d4 e o ataque causa dano de concussão.'),
	('Maestria em Arma de Haste', 'Enquanto você estiver empunhando uma glaive, alabarda, lança longa ou bastão, as outras criaturas provocam um ataque de oportunidade a você quando entrarem no seu alcance.'),
	('Maestria em Armadura Média', 'Vestir uma armadura média não lhe impõe desvantagem em testes de Destreza (Furtividade).'),
	('Maestria em Armadura Média', 'Quando você estiver vestindo uma armadura média, você pode adicionar 3, ao invés de 2, à sua CA, se você tiver Destreza 16 ou maior.'),
	('Maestria em Armadura Pesada', 'Aumente seu valor de Força em 1, até o máximo de 20.'),
	('Maestria em Armadura Pesada', 'Quando você estiver vestindo uma armadura pesada, dano de concussão, cortante e perfurante que você receba de armas não-mágicas será reduzido em 3.'),
	('Matador de Conjuradores', 'Quando uma criatura a até 1,5 metro de você conjurar uma magia, você pode usar sua reação para realizar um ataque corpo-a-corpo contra ela.'),
	('Matador de Conjuradores', 'Quando você causa dano em uma criatura que está se concentrando em uma magia, a criatura terá desvantagem no teste de resistência que ela fizer para manter a concentração.'),
	('Matador de Conjuradores', 'Você tem vantagem em testes de resistência contra magias conjuradas por criaturas a até 1,5 metro de você.'),
	('Mente Afiada', 'Aumente seu valor de Inteligência em 1, até o máximo de 20.'),
	('Mente Afiada', 'Você sempre sabe qual a direção do norte.'),
	('Mente Afiada', 'Você sempre sabe o número de horas restantes para o próximo nascer ou pôr do sol.'),
	('Mente Afiada', 'Você pode relembrar, com precisão, qualquer coisa que você tenha visto ou ouvido no último mês.'),
	('Mestre de Armas', 'Aumente o valor de Força ou Destreza em 1, até o máximo de 20.'),
	('Mestre de Armas', 'Você ganha proficiência com quatro armas simples ou marciais, à sua escolha.'),
	('Mestre de Armas Grandes', 'No seu turno, quando você atingir um acerto crítico com uma arma corpo-a-corpo ou reduzir os pontos de vida de uma criatura a 0, você pode realizar um ataque corpo-a-corpo com arma, com uma ação bônus.'),
	('Mestre de Armas Grandes', 'Antes de você realizar um ataque corpo-a-corpo com uma arma pesada na qual você seja proficiente, você pode escolher sofrer –5 de penalidade em sua jogada de ataque. Se o ataque atingir, você adiciona +10 ao dano do ataque.'),
	('Mestre de Escudo', 'Se você realizar a ação de Ataque no seu turno, você pode usar uma ação bônus para tentar empurrar uma criatura, a até 1,5 metro de você, com seu escudo.'),
	('Mestre de Escudo', 'Se você não estiver incapacitado, você pode adicionar seu bônus de CA do escudo a qualquer teste de resistência de Destreza que você fizer contra uma magia ou outro efeito nocivo que tenha você como alvo.'),
	('Mestre de Escudo', 'Se você for alvo de um efeito que permita realizar um teste de resistência de Destreza para sofrer apenas metade do dano, você pode usar sua reação para não sofrer dano se passar no teste de resistência, interpondo seu escudo entre você e a fonte do efeito.'),
	('Mobilidade', 'Seu deslocamento aumenta em 3 metros'),
	('Mobilidade', 'Quando você usa a ação de Disparada, mover-se através de terreno difícil não lhe custa qualquer movimento adicional neste turno.'),
	('Mobilidade', 'Quando você realiza um ataque corpo-a-corpo contra uma criatura, você não provoca ataques de oportunidade para essa criatura pelo resto do turno, independentemente de ter atingido ou não.'),
	('Observador', 'Aumente seu valor de Inteligência ou Sabedoria em 1, até o máximo de 20.'),
	('Observador', 'Se você puder ver a boca de uma criatura enquanto ela fala um idioma que você compreende, você pode interpretar o que ela está dizendo ao ler os seus lábios.'),
	('Observador', 'Você tem +5 de bônus nos seus valores passivos de Sabedoria (Percepção) e Inteligência (Investigação).'),
	('Poliglota', 'Aumente seu valor de Inteligência em 1, até o máximo de 20.'),
	('Poliglota', 'Você aprende três idiomas, à sua escolha.'),
	('Poliglota', 'Você é capaz de criar criptogramas escritos. Outros não podem decifrar um código criado por você a não ser que você os ensine, elas sejam bem sucedidas num teste de inteligência (CD igual ao seu valor de Inteligência + seu bônus de proficiência) ou usem mágica para decifrá-lo.'),
	('Proteção Leve', 'Aumente seu valor de Força em 1, até o máximo de 20.'),
	('Proteção Leve', 'Você ganha proficiência com armadura leves.'),
	('Proteção Moderada', 'Aumente seu valor de Força em 1, até o máximo de 20.'),
	('Proteção Moderada', 'Você ganha proficiência com armadura média e escudos.'),
	('Proteção Pesada', 'Aumente seu valor de Força em 1, até o máximo de 20.'),
	('Proteção Pesada', 'Você ganha proficiência com armadura pesada.'),
	('Resiliente', 'Aumente o valor de habilidade escolhido em 1, até o máximo de 20.'),
	('Resiliente', 'Você ganha proficiência em testes de resistência usando a habilidade escolhida.'),
	('Resistente', 'Aumente seu valor de Constituição em 1, até o máximo de 20.'),
	('Resistente', 'Quando você rolar um Dado de Vida para recuperar pontos de vida, o valor mínimo de pontos de vida que você recupera dessa rolagem será igual a duas vezes seu modificador de Constituição (mínimo de 2).'),
	('Sentinela', 'Quando você atinge uma criatura com um ataque de oportunidade, o deslocamento da criatura se torna 0 pelo resto do turno.'),
	('Sentinela', 'As criaturas provocam ataques de oportunidade de você mesmo se realizarem a ação de Desengajar antes de saírem do seu alcance.'),
	('Sentinela', 'Quando uma criatura a até 1,5 metro de você realizar um ataque contra um alvo diferente de você (e o alvo não possuir esse talento), você pode usar sua reação para realizar um ataque corpo-a-corpo com arma contra a criatura atacante.'),
	('Sorrateiro', 'Você pode tentar se esconder quando estiver levemente obscurecido para a criatura de quem você está tentando se esconder.'),
	('Sorrateiro', 'Quando você estiver escondido de uma criatura e errar um ataque à distância contra ela, realizar esse ataque não revelará sua posição.'),
	('Sorrateiro', 'Penumbra não impõem desvantagem nos seus testes de Sabedoria (Percepção) relacionados a visão.');

insert into Antecedente (nomeAntecedente)
	values
	('Acólito'),
	('Artesão de Guilda'),
	('Artista'),
	('Charlatão'),
	('Criminoso'),
	('Eremita'),
	('Forasteiro'),
	('Herói do Povo'),
	('Marinheiro'),
	('Nobre'),
	('Orfão'),
	('Sábio'),
	('Soldado');

insert into AntecedentePericia (nomeAntecedente, nomePericia)
	values
	('Acólito', 'Intuição'),
	('Acólito', 'Religião'),
	('Artesão de Guilda', 'Intuição'),
	('Artesão de Guilda', 'Persuasão'),
	('Artista', 'Acrobacia'),
	('Artista', 'Atuação'),
	('Charlatão', 'Enganação'),
	('Charlatão', 'Prestidigitação'),
	('Criminoso', 'Enganação'),
	('Criminoso', 'Furtividade'),
	('Eremita', 'Medicina'),
	('Eremita', 'Religião'),
	('Forasteiro', 'Atletismo'),
	('Forasteiro', 'Sobrevivência'),
	('Herói do Povo', 'Adestrar Animais'),
	('Herói do Povo', 'Sobrevivência'),
	('Marinheiro', 'Atletismo'),
	('Marinheiro', 'Percepção'),
	('Nobre', 'História'),
	('Nobre', 'Persuasão'),
	('Orfão', 'Furtividade'),
	('Orfão', 'Prestidigitação'),
	('Sábio', 'Arcanismo'),
	('Sábio', 'História'),
	('Soldado', 'Atletismo');
	('Soldado', 'Intimidação');








