insert into Classe (nomeClasse,	descricao, habilidadePrimaria, habilidadeSecundaria, habilidadeSecundariaOpcional, testeResistenciaPrimario, testeResistenciaSecundario, dadoVida, modificadorVida,	progressaoPadraoVida) values 
	('Bárbaro', '', 'Força', null, FALSE, 'Força', 'Constituição', 12, 'Constituição', 7),
	('Bardo', '', 'Carisma', null, FALSE, 'Destreza', 'Carisma', 8, 'Constituição', 5),
	('Bruxo', '', 'Carisma', null, FALSE, 'Sabedoria', 'Carisma', 8, 'Constituição', 5),
	('Clérigo', '', 'Sabedoria', null, FALSE, 'Sabedoria', 'Carisma', 8, 'Constituição', 5),
	('Druida', '', 'Sabedoria', null, FALSE, 'Inteligência', 'Sabedoria', 8, 'Constituição', 5),
	('Feiticeiro', '', 'Carisma', null, FALSE, 'Constituição', 'Carisma', 6, 'Constituição', 4),
	('Guerreiro', '', 'Força', 'Destreza', TRUE, 'Força', 'Constituição', 10, 'Constituição', 6),
	('Ladino', '', 'Destreza', null, FALSE, 'Destreza', 'Inteligência', 8, 'Constituição', 5),
	('Mago', '', 'Inteligência', null, FALSE, 'Inteligência', 'Sabedoria', 6, 'Constituição', 4),
	('Monge', '', 'Destreza', 'Sabedoria', FALSE, 'Força', 'Destreza', 8, 'Constituição', 5),
	('Paladino', '', 'Força', 'Carisma', FALSE, 'Sabedoria', 'Carisma', 10, 'Constituição', 6),
	('Patrulheiro', '', 'Destreza', 'Sabedoria', FALSE, 'Força', 'Destreza', 10, 'Constituição', 6);

insert into Arquetipo(nomeArquetipo, nomeClasse) values 
	('Caminho do Furioso', 'Bárbaro'),
	('Caminho do Guerreiro Totêmico', 'Bárbaro'),
	('Colégio do Conhecimento', 'Bardo'),
	('Colégio da Bravura', 'Bardo'),
	('Arquifada', 'Bruxo'),
	('Corruptor', 'Bruxo'),
	('Grande Antigo', 'Bruxo'),
	('Domínio do Conhecimento', 'Clérigo'),
	('Domínio da Enganação', 'Clérigo'),
	('Domínio do Guerra', 'Clérigo'),
	('Domínio da Luz', 'Clérigo'),
	('Domínio da Natureza', 'Clérigo'),
	('Domínio da Tempestade', 'Clérigo'),
	('Domínio da Vida', 'Clérigo'),
	('Círculo da Terra', 'Druida'),
	('Círculo da Lua', 'Druida'),
	('Linhagem Dracônica', 'Feiticeiro'),
	('Magia Selvagem', 'Feiticeiro'),
	('Campeão', 'Guerreiro'),
	('Cavaleiro Arcano', 'Guerreiro'),
	('Mestre de Batalha', 'Guerreiro'),
	('Assassino', 'Ladino'),
	('Ladrão', 'Ladino'),
	('Trapaceiro Arcano', 'Ladino'),
	('Escola de Abjuração', 'Mago'),
	('Escola de Adivinhação', 'Mago'),
	('Escola de Conjuração', 'Mago'),
	('Escola de Encantamento', 'Mago'),
	('Escola de Evocação', 'Mago'),
	('Escola de Ilusão', 'Mago'),
	('Escola de Negromancia', 'Mago'),
	('Escola de Transmutação', 'Mago'),
	('Caminho da Mão Aberta', 'Monge'),
	('Caminho da Sombra', 'Monge'),
	('Caminho dos Quatro Elementos', 'Monge'),
	('Juramento de Devoção', 'Paladino'),
	('Juramento dos Anciões', 'Paladino'),
	('Juramento de Vingança', 'Paladino'),
	('Caçador', 'Patrulheiro'),
	('Mestre das Bestas', 'Patrulheiro');

insert into Atributo (nivel, nomeClasse, bonusProficiencia) values 
	(1, 'Bárbaro', 2),
	(2, 'Bárbaro', 2),
	(3, 'Bárbaro', 2),
	(4, 'Bárbaro', 2),
	(5, 'Bárbaro', 3),
	(6, 'Bárbaro', 3),
	(7, 'Bárbaro', 3),
	(8, 'Bárbaro', 3),
	(9, 'Bárbaro', 4),
	(10, 'Bárbaro', 4),
	(11, 'Bárbaro', 4),
	(12, 'Bárbaro', 4),
	(13, 'Bárbaro', 5),
	(14, 'Bárbaro', 5),
	(15, 'Bárbaro', 5),
	(16, 'Bárbaro', 5),
	(17, 'Bárbaro', 6),
	(18, 'Bárbaro', 6),
	(19, 'Bárbaro', 6),
	(20, 'Bárbaro', 6),
	(1, 'Bardo', 2),
	(2, 'Bardo', 2),
	(3, 'Bardo', 2),
	(4, 'Bardo', 2),
	(5, 'Bardo', 3),
	(6, 'Bardo', 3),
	(7, 'Bardo', 3),
	(8, 'Bardo', 3),
	(9, 'Bardo', 4),
	(10, 'Bardo', 4),
	(11, 'Bardo', 4),
	(12, 'Bardo', 4),
	(13, 'Bardo', 5),
	(14, 'Bardo', 5),
	(15, 'Bardo', 5),
	(16, 'Bardo', 5),
	(17, 'Bardo', 6),
	(18, 'Bardo', 6),
	(19, 'Bardo', 6),
	(20, 'Bardo', 6);

insert into Barbaro (nomeClasse, nivel,	danoFuria, furias) values 
	('Bárbaro', 1, 2, 2),
	('Bárbaro', 2, 2, 2),
	('Bárbaro', 3, 2, 3),
	('Bárbaro', 4, 2, 3),
	('Bárbaro', 5, 2, 3),
	('Bárbaro', 6, 2, 4),
	('Bárbaro', 7, 2, 4),
	('Bárbaro', 8, 2, 4),
	('Bárbaro', 9, 3, 4),
	('Bárbaro', 10, 3, 4),
	('Bárbaro', 11, 3, 4),
	('Bárbaro', 12, 3, 5),
	('Bárbaro', 13, 3, 5),
	('Bárbaro', 14, 3, 5),
	('Bárbaro', 15, 3, 5),
	('Bárbaro', 16, 4, 5),
	('Bárbaro', 17, 4, 6),
	('Bárbaro', 18, 4, 6),
	('Bárbaro', 19, 4, 6),
	('Bárbaro', 20, 4, 9999);

insert into Bardo (nomeClasse, nivel, truquesConhecidos, magiasConhecidas) values 
	('Bardo', 1, 2, 4),
	('Bardo', 2, 2, 5),
	('Bardo', 3, 2, 6),
	('Bardo', 4, 3, 7),
	('Bardo', 5, 3, 8),
	('Bardo', 6, 3, 9),
	('Bardo', 7, 3, 10),
	('Bardo', 8, 3, 11),
	('Bardo', 9, 3, 12),
	('Bardo', 10, 4, 14),
	('Bardo', 11, 4, 15),
	('Bardo', 12, 4, 15),
	('Bardo', 13, 4, 16),
	('Bardo', 14, 4, 18),
	('Bardo', 15, 4, 19),
	('Bardo', 16, 4, 19),
	('Bardo', 17, 4, 20),
	('Bardo', 18, 4, 22),
	('Bardo', 19, 4, 22),
	('Bardo', 20, 4, 22);

insert into ClasseEspacoMagia(nomeClasse, nivel, numeroTabela, linhaTabela) values 
    ('Bardo', 1, 1, 1),
    ('Bardo', 2, 1, 2),
    ('Bardo', 3, 1, 3),
    ('Bardo', 4, 1, 4),
    ('Bardo', 5, 1, 5),
    ('Bardo', 6, 1, 6),
    ('Bardo', 7, 1, 7),
    ('Bardo', 8, 1, 8),
    ('Bardo', 9, 1, 9),
    ('Bardo', 10, 1, 10),
    ('Bardo', 11, 1, 11),
    ('Bardo', 12, 1, 12),
    ('Bardo', 13, 1, 13),
    ('Bardo', 14, 1, 14),
    ('Bardo', 15, 1, 15),
    ('Bardo', 16, 1, 16),
    ('Bardo', 17, 1, 17),
    ('Bardo', 18, 1, 18),
    ('Bardo', 19, 1, 19),
    ('Bardo', 20, 1, 20);

insert into EspacoMagia (numeroTabela, linhaTabela, nivelMagia1, nivelMagia2, nivelMagia3, nivelMagia4, nivelMagia5, nivelMagia6, nivelMagia7, nivelMagia8, nivelMagia9) values 
    (1, 1, 2, 0, 0, 0, 0, 0, 0, 0, 0),
    (1, 2, 3, 0, 0, 0, 0, 0, 0, 0, 0),
    (1, 3, 4, 2, 0, 0, 0, 0, 0, 0, 0),
    (1, 4, 4, 3, 0, 0, 0, 0, 0, 0, 0),
    (1, 5, 4, 3, 2, 0, 0, 0, 0, 0, 0),
    (1, 6, 4, 3, 3, 0, 0, 0, 0, 0, 0),
    (1, 7, 4, 3, 3, 1, 0, 0, 0, 0, 0),
    (1, 8, 4, 3, 3, 2, 0, 0, 0, 0, 0),
    (1, 9, 4, 3, 3, 3, 1, 0, 0, 0, 0),
    (1, 10, 4, 3, 3, 3, 2, 0, 0, 0, 0),
    (1, 11, 4, 3, 3, 3, 2, 1, 0, 0, 0),
    (1, 12, 4, 3, 3, 3, 2, 1, 0, 0, 0),
    (1, 13, 4, 3, 3, 3, 2, 1, 1, 0, 0),
    (1, 14, 4, 3, 3, 3, 2, 1, 1, 0, 0),
    (1, 15, 4, 3, 3, 3, 2, 1, 1, 1, 0),
    (1, 16, 4, 3, 3, 3, 2, 1, 1, 1, 0),
    (1, 17, 4, 3, 3, 3, 2, 1, 1, 1, 1),
    (1, 18, 4, 3, 3, 3, 3, 1, 1, 1, 1),
    (1, 19, 4, 3, 3, 3, 3, 2, 1, 1, 1),
    (1, 20, 4, 3, 3, 3, 3, 2, 2, 1, 1),
    (2, 1, 0, 0, 0, 0, 0),
    (2, 2, 2, 0, 0, 0, 0),
    (2, 3, 3, 0, 0, 0, 0),
    (2, 4, 3, 0, 0, 0, 0),
    (2, 5, 4, 2, 0, 0, 0),
    (2, 6, 4, 2, 0, 0, 0),
    (2, 7, 4, 3, 0, 0, 0),
    (2, 8, 4, 3, 0, 0, 0),
    (2, 9, 4, 3, 2, 0, 0),
    (2, 10, 4, 3, 2, 0, 0),
    (2, 11, 4, 3, 3, 0, 0),
    (2, 12, 4, 3, 3, 0, 0),
    (2, 13, 4, 3, 3, 1, 0),
    (2, 14, 4, 3, 3, 1, 0),
    (2, 15, 4, 3, 3, 2, 0),
    (2, 16, 4, 3, 3, 2, 0),
    (2, 17, 4, 3, 3, 3, 1),
    (2, 18, 4, 3, 3, 3, 1),
    (2, 19, 4, 3, 3, 3, 2),
    (2, 20, 4, 3, 3, 3, 2);

insert into Bruxo (nomeClasse, nivel, truquesConhecidos, magiasConhecidas, nivelMagia, espacosMagia, invocacoesConhecidas) values 
	('', , , , , , );

insert into ClerigoDruidaMago (nomeClasse, nivel, truquesConhecidos) values 
	('', , );

insert into Feiticeiro (nomeClasse, nivel, pontosFeiticaria, truquesConhecidos, magiasConhecidas) values 
	('', , , , );

insert into Ladino (nomeClasse, nivel, quantidadeDadosAtaqueFurtivo, grandezaDadoAtaqueFurtivo) values 
	('', , , );

insert into Monge (nomeClasse, nivel, deslocamentoSemArmadura, quantidadeDadosArtesMarciais, grandezaDadoArtesMarciais, pontosChi) values 
	('', , , , , );

insert into Patrulheiro (nomeClasse, nivel, magiasConhecidas) values 
	('', , );

insert into ClasseMagia (nomeClasse, nomeMagia) values 
	('', '');