insert into Item (nomeItem, descricao, categoria, custo, moeda, peso)
	values
	('Armadura Leve Acolchoada', 'A armadura acolchoada consiste em camadas de panos acolchoados e batidos.', 'armaduraEscudo', 5, 'po', 4.0),
	('Armadura Leve Couro', 'O peitoral e as ombreiras da armadura de couro são feitos de couro que foi endurecido após ser fervido em óleo. O resto da armadura é feita de materiais mais macios e mais flexíveis', 'armaduraEscudo', 10, 'po', 5.0),
	('Armadura Leve Couro Batido', 'Feita de couro resistente, mas flexível, a armadura de couro batido é reforçada com rebites ou cravos', 'armaduraEscudo', 45, 'po', 6.5),
	('Armadura Média Gibão de Peles', 'Um gibão de peles é um armadura bruta consistindo de peles grossas. É comumente usada por tribos bárbaras, humanoides malignos e outros povos que não têm acesso às ferramentas e materiais necessários para criar uma armadura melhor', 'armaduraEscudo', 10, 'po', 6),
	('Armadura Média Camisão de Malha', 'Feito de anéis de metal intercalados, um camisão de cota de malha é usado entre as camadas de roupa. Essa armadura oferece proteção modesta para a parte superior do corpo de quem a usa e permite que o som dos anéis de metal, friccionados uns contra os outros, sejam amortecidos pelas camadas exteriores.', 'armaduraEscudo', 30, 'po', 10),
	('Armadura Média Brunea', 'Essa armadura consiste em um casaco e calças (e talvez uma saia separada) de couro coberto com peças sobrepostas de metal, assim como as escamas de peixe. O conjunto inclui manoplas', 'armaduraEscudo', 50, 'po', 22.5),
	('Armadura Média Peitoral', 'A armadura peitoral é constituída por um peitoral de metal usado com couro flexível em seu interior. Embora ele deixe as pernas e braços do usuário relativamente desprotegidos, essa armadura fornece boa proteção para seus órgãos vitais, deixando quem a usa relativamente sem restrições.', 'armaduraEscudo', 400, 'po', 10),
	('Armadura Média Meia-Armadura', 'Essa armadura é composta de placas de metal moldadas que cobrem a maior parte do corpo. Ela não inclui proteção para as pernas além de caneleiras fixadas com tiras de couro.', 'armaduraEscudo', 750, 'po', 20),
	('Armadura Pesada Cota de anéis', 'Esta armadura é feita de couro com pesados anéis presos a ela. Os anéis ajudam a reforçar a armadura contra golpes de espadas e machados. A cota de anéis é inferior à cota de malha e geralmente é vestida apenas por aqueles que não podem pagar por uma armadura melhor.', 'armaduraEscudo', 30, 'po', 20),
	('Armadura Pesada Cota de malha', 'Feita de anéis de metal entrelaçados, a cota de malha inclui uma camada de tecido acolchoado usada por baixo da malha de metal para evitar atrito e amortecer o impacto dos golpes. O conjunto inclui manoplas.', 'armaduraEscudo', 75, 'po', 27.5),
	('Armadura Pesada Cota de talas', 'Essa armadura é feita de tiras verticais de metal, rebitadas a um suporte de couro, usadas sobre um preenchimento de pano. Cotas de malha flexíveis protegem as articulações.', 'armaduraEscudo', 200, 'po', 30),
	('Armadura Pesada Placas', 'A armadura de placas consiste em placas de metal moldadas para cobrir todo o corpo. Inclui luvas, botas de couro pesadas, um capacete com viseira e espessas camadas de enchimento por baixo da armadura. Fivelas e tiras de couro distribuem o peso ao longo do corpo.', 'armaduraEscudo', 1500, 'po', 32.5),
	('Escudo', 'Um escudo é feito de madeira ou metal e é usado com uma mão. Empunhar um escudo aumenta sua Classe de Armadura em 2. Você só pode se beneficiar de um escudo por vez.', 'armaduraEscudo', 10, 'po', 3),
	('Adaga', null, 'Arma', 2, 'po', 0.5),
	('Azagaia', null, 'Arma', 5, 'pp', 1),
	('Bordão', null, 'Arma', 2, 'pp', 2),
	('Clava Grande', null, 'Arma', 2, 'pp', 5),
	('Foice Curta', null, 'Arma', 1, 'po', 1),
	('Lança', null, 'Arma', 1, 'po', 1.5),
	('Maça', null, 'Arma', 5, 'po', 2),
	('Machadinha', null, 'Arma', 5, 'po', 1),
	('Martelo Leve', null, 'Arma', 2, 'po', 1),
	('Porrete', null, 'Arma', 1, 'pp', 1),
	('Arco Curto', null, 'Arma', 25, 'po', 1),
	('Beste Leve', null, 'Arma', 25, 'po', 2.5),
	('Dardo', null, 'Arma', 5, 'pc', 0.1),
	('Funda', null, 'Arma', 1, 'pp', 0),
	('Alabarda', null, 'Arma', 20, 'po', 3),
	('Cimitarra', null, 'Arma', 25, 'po', 1.5),
	('Chicote', null, 'Arma', 2, 'po', 1.5),
	('Espada Curta', null, 'Arma', 10, 'po', 1),
	('Espada Grande', null, 'Arma', 50, 'po', 3),
	('Espada Longa', null, 'Arma', 15, 'po', 1.5),
	('Glaive', null, 'Arma', 20, 'po', 3),
	('Lança de Montaria', null, 'Arma', 10, 'po', 3),
	('Lança Longa', null, 'Arma', 5, 'po', 4),
	('Maça Estrela', null, 'Arma', 15, 'po', 2),
	('Machado Grande', null, 'Arma', 30, 'po', 3.5),
	('Machado de Batalha', null, 'Arma', 10, 'po', 2),
	('Malho', null, 'Arma', 10, 'po', 5),
	('Mangual', null, 'Arma', 10, 'po', 1),
	('Martelo de Guerra', null, 'Arma', 15, 'po', 1),
	('Picareta de Guerra', null, 'Arma', 5, 'po', 1),
	('Rapieira', null, 'Arma', 25, 'po', 1),
	('Tridente', null, 'Arma', 5, 'po', 2),
	('Arco Longo', null, 'Arma', 50, 'po', 1),
	('Besta de Mão', null, 'Arma', 75, 'po', 1.5),
	('Besta Pesada', null, 'Arma', 50, 'po', 4.5),
	('Rede', null, 'Arma', 1, 'po', 1.5),
	('Zarabatana', null, 'Arma', 10, 'po', 0.5),

	('Burro ou mula', null, 'Montaria', 8, 'po', 0),
	('Camelo', null, 'Montaria', 50, 'po', 0),
	('Cavalo de guerra', null, 'Montaria', 400, 'po', 0),
	('Cavalo de montaria', null, 'Montaria', 75, 'po', 0),
	('Cavalo pesado', null, 'Montaria', 50, 'po', 0),
	('Elefante', null, 'Montaria', 200, 'po', 0),
	('Mastim', null, 'Montaria', 25, 'po', 0),
	('Pônei', null, 'Montaria', 30, 'po', 0),

	('Carne, pedaço', null, 'Comes e Bebes', 3, 'pp', 0),
	('Cerveja Galão', null, 'Comes e Bebes', 2, 'pp', 0),
	('Cerveja Caneca', null, 'Comes e Bebes', 4, 'pc', 0),
	('Pão, pedaço', null, 'Comes e Bebes', 2, 'pc', 0),
	('Queijo, pedaço', null, 'Comes e Bebes', 1, 'pp', 0),
	('Vinho Comum (jarra)', null, 'Comes e Bebes', 2, 'pp', 0),
	('Vinho Fino (garrafa)', null, 'Comes e Bebes', 10, 'po', 0),
	
	('Ábaco', 'O ábaco é um instrumento de cálculo, formado por uma moldura com bastões ou arames paralelos, dispostos no sentido vertical, correspondentes cada um a uma posição digital (unidades, dezenas, etc.) e nos quais estão os elementos de contagem (fichas, bolas ou contas) que podem fazer-se deslizar livremente.', 'Equipamento de Aventura', 2, 'po', 1),
	('Ácido (vidro)', 'Usando uma ação, você pode despejar o conteúdo desse vidro em uma criatura a até 1,5 metro de você, ou arremessar o vidro a até 6 metros de distância, quebrando-o no impacto. Em ambos os casos, você deve realizar um ataque à distância contra uma criatura ou objeto, tratando o ácido como uma arma improvisada. Se acertar, o alvo sofre 2d6 de dano ácido.', 'Equipamento de Aventura', 25, 'po', 0.5),
	('Antídoto (vidro)', 'Uma criatura que beber o líquido desse vidro tem vantagem em testes de resistência contra venenos por 1 hora. O antídoto não confere nenhum benefício para mortos-vivos ou constructos.', 'Equipamento de Aventura', 50, 'po', 0),
	('Balas de Funda (20)', null, 'Equipamento de Aventura', 4, 'pc', 0.75),
	('Barril', null, 'Equipamento de Aventura', 2, 'po', 35),
	('Baú', null, 'Equipamento de Aventura', 5, 'po', 12.5),
	('Bolsa de componentes', 'Trata-se de uma pequena bolsa de couro à prova d''água que pode ser fixada em um cinto. Ela possui compartimentos para armazenar todos os componentes materiais e outros itens especiais que você precisa para lançar suas magias, exceto os componentes que possuem um custo específico (conforme indicado na descrição da magia).', 'Equipamento de Aventura', 25, 'po', 1),
	('Cantil', null, 'Equipamento de Aventura', 2, 'pp', 2.5),
	('Equipamento de pescaria', 'Este kit inclui uma vara de pesca de madeira, linha de seda, boias de cortiça, anzóis de aço, chumbadas, iscas e redes de pesca.', 'Equipamento de Aventura', 1, 'po', 2),
	('Flechas (20)', null, 'Equipamento de Aventura', 1, 'po', 0.5),
	('Lâmpada', 'Uma lâmpada lança luz plena em um raio de 4,5 metros e penumbra por mais 9 metros. Uma vez acesa, a lâmpada queima por 6 horas usando um frasco de óleo (500 ml).', 'Equipamento de Aventura', 5, 'pp', 0.5),
	('Livro', 'Um livro pode conter poesia, relatos históricos, informações relativas a um campo particular de sabedoria, diagramas e notas sobre engenhocas gnômicas, ou qualquer outra coisa que possa ser representada usando texto ou imagens. Um livro com magias é um grimório, também descrito nessa seção', 'Equipamento de Aventura', 25, 'po', 2.5),
	('Luneta', 'Objetos vistos através de uma luneta são ampliados até o dobro do seu tamanho. ', 'Equipamento de Aventura', 1000, 'po', 0.5),
	('Martelo', null, 'Equipamento de Aventura', 1, 'po', 1.5),
	('Mochila', null, 'Equipamento de Aventura', 2, 'po', 2.5),
	('Pá', null, 'Equipamento de Aventura', 2, 'po', 2.5),
	('Pergaminho (uma folha)', null, 'Equipamento de Aventura', 1, 'pp', 0),
	('Picareta de minerador', null, 'Equipamento de Aventura', 2, 'po', 5),
	('Poção de cura', 'Um personagem que beber o líquido vermelho mágico deste frasco recupera 2d4+2 pontos de vida. Beber ou administrar uma poção exige uma ação.', 'Equipamento de Aventura', 50, 'po', 0.25),
	('Rações de viagem (1 dia)', 'Rações de viajem consistem em alimentos desidratados adequados para viagens longas, incluindo carne seca, frutas secas, bolachas e nozes.', 'Equipamento de Aventura', 5, 'pp', 1),
	('Virotes (20)', null, 'Equipamento de Aventura', 1, 'po', 0.75),
	('Zarabatana (50)', null, 'Equipamento de Aventura', 1, 'po', 0.5),
	
	('Adaga de Envenenamento', 'Você recebe +1 de bônus nas jogadas de ataque e dano feitas com esta arma mágica. Você pode usar uma ação para fazer com que um veneno negro e viscoso cubra a lâmina. O veneno permanece por 1 minuto ou até que um ataque usando essa arma atinja uma criatura. Essa criatura deve ser bem sucedida num teste de resistência de Constituição CD 15 ou sofrerá 2d10 de dano de veneno e ficará envenenada por 1 minuto. A adaga não pode ser usada dessa forma novamente até o próximo amanhecer.', 'Item Mágico', 8000, 'po', 0),
	('Anel de Evasão', 'Este anel tem 3 cargas e recupera 1d3 cargas gastas diariamente ao amanhecer. Quando fracassa num teste de resistência de Destreza enquanto estiver usando ele, você pode usar sua reação para gastar 1 das cargas dele para obter sucesso no teste de resistência, ao invés.', 'Item Mágico', 18000, 'po', 0),
	('Armadura de Adamante', 'Esta armadura é reforçada com adamante, uma das substâncias mais duras que existe. Enquanto você estiver vestindo ela, qualquer acerto crítico contra você se torna um ataque normal.', 'Item Mágico', 4000, 'po', 0),
	('Bolsa Devoradora', 'Esta bolsa lembra superficialmente uma mochila de carga, mas é um orifício alimentar de uma criatura extradimensional gigantesca.<br /> A criatura extradimensional ligada a bolsa pode sentir o que quer que seja colocado dentro da bolsa. Matéria animal ou vegetal colocada totalmente dentro da bolsa é devorada e perdida para sempre. Quando parte de uma criatura vida é colocada na bolsa, como acontece quando alguém tenta pegar algo dentro dela, existe 50 por cento de chance da criatura ser puxada para dentro da bolsa. Uma criatura dentro da bolsa pode usar sua ação para tentar escapar com um sucesso num teste de Força CD 15. Outra criatura pode usar sua ação para alcançar uma criatura dentro da bolsa e puxa-la, fazendo isso com um teste de Força CD 20 bem sucedido (considerando que ela não tenha sido puxada para dentro da bolsa antes). Qualquer criatura que comece seu turno dentro da bolsa é devorada e seu corpo é destruído.<br /> Objetos inanimados podem ser armazenados na bolsa, que pode comportar até 30 centímetros cúbicos de tal material. Porém, uma vez por dia, a bolsa engole quaisquer objetos dentro dela e os cospe em outro plano de existência. O Mestre determina aleatoriamente o momento e plano.<br /> Se a bolsa for perfurada ou rasgada, ela é destruída e qualquer coisa contida nela é transportada para um local aleatório no Plano Astral.', 'Item Mágico', 20000, 'po', 0),
	('Escudo +1', 'Enquanto estiver segurando este escudo, você tem um bônus na CA determinado por sua raridade. Este bônus é adicionado ao bônus normal do escudo na CA.', 'Item Mágico', 5000, 'po', 0),
	('Escudo +2', 'Enquanto estiver segurando este escudo, você tem um bônus na CA determinado por sua raridade. Este bônus é adicionado ao bônus normal do escudo na CA.', 'Item Mágico', 20000, 'po', 0),
	('Escudo +3', 'Enquanto estiver segurando este escudo, você tem um bônus na CA determinado por sua raridade. Este bônus é adicionado ao bônus normal do escudo na CA.', 'Item Mágico', 50000, 'po', 0),
	('Escudo Animado', 'Enquanto estiver segurando este escudo, você pode falar sua palavra de comando, com uma ação bônus, para fazêlo se animar. O escudo salta no ar e flutua no seu espaço para proteger você como se você o estivesse usando, deixando suas mãos livres. O escudo permanece animado por 1 minuto, até você usar uma ação bônus para terminar este efeito ou até você ficar incapacitado ou morrer, nesse momento o escudo cai no chão ou em sua mão, caso você tenha uma mão livre.', 'Item Mágico', 20000, 'po', 0),
	('Espada do Furto de Vidas', 'Quando você ataca uma criatura com esta espada mágica e rola um 20 na jogada de ataque, o alvo sofre 10 de dano necrótico extra se ele não for um constructo ou mortovivo. Você também ganha 10 pontos de vida temporários.', 'Item Mágico', 3000, 'po', 0),
	('Ferraduras do Zéfiro', 'Estas ferraduras de ferro vêm em um conjunto de quatro. Enquanto todas as ferraduras estiverem fixadas nos cascos de um cavalo ou criatura similar, elas permitirão que a criatura se mova normalmente enquanto flutua a 10 centímetros do solo. Esse efeito significa que a criatura pode cruzar ou ficar sobre superfícies não-sólidas ou instáveis, como água ou lava. A criatura não deixa rastros e ignora terrenos difíceis. Além disso, a criatura pode se mover com seu deslocamento normal por 1 horas por dia sem sofrer de exaustão pela marcha forçada.', 'Item Mágico', 20000, 'po', 0),
	('Filtro do Amor', 'Da próxima vez que você vir uma criatura dentro de 10 minutos após beber esse filtro, você fica enfeitiçado por essa criatura por 1 hora. Se a criatura for da espécie ou gênero que você normalmente é atraído, você a reconhece como seu amor verdadeiro enquanto estiver enfeitiçado. O líquido efervescente de coloração rosa desta poção contém uma bolha em formato de coração difícil de perceber.', 'Item Mágico', 500, 'po', 0),
	('Manto de Invisibilidade', 'Enquanto estiver usando este manto, você pode colocar o capuz dele sobre sua cabeça para se tornar invisível. Enquanto estiver invisível, qualquer coisa que você esteja carregando ou vestindo fica invisível com você. Você se torna visível quando remove o capuz. Colocar ou retirar o capuz requer uma ação.<br /> Deduza o tempo que você ficar invisível, em incrementos de 1 minuto, da duração máxima do manto de 2 horas. Após 2 horas de uso, o manto para de funcionar. Para cada período ininterrupto de 12 horas que o manto ficar sem uso, ele recupera 1 hora de duração.', 'Item Mágico', 100000, 'po', 0),
	('Marca Congelante', 'Quando você atinge um ataque usando esta espada mágica, o alvo sofre 1d6 de dano de frio extra. Além disso, enquanto estiver empunhando a espada, você tem resistência a dano de fogo.<br /> Em temperaturas congelantes, a lâmina emite luz plena num raio de 3 metros e penumbra por mais 3 metros adicionais.<br /> Quando você sacar essa arma, você pode extinguir todas as chamas não-mágicas a até 9 metros de você. Essa propriedade pode ser usada até uma vez por hora.', 'Item Mágico', 25000, 'po', 0),
	('Robe do Arquimago', 'Esta vestimenta elegante é feita de tecidos exóticos de cores branca, cinza ou preta e adornados com runas prateadas. A cor do robe corresponde à tendência para qual o item foi criado. Um robe branco foi feito para boa, cinza para neutra e preto para má. Você não pode se 205 sintonizar a um robe do arquimago que não corresponda à sua tendência.<br /> Você ganha os seguintes benefícios enquanto estiver vestindo o robe:<ul><li>Se você não estiver vestindo uma armadura, sua Classe de Armadura base é 15 + seu modificador de Destreza.</li><li>Você tem vantagem nos testes de resistência contra magias e outros efeitos mágicos.</li><li>A CD de resistência de suas magias e seu bônus de ataque de magia aumentam em +2 cada.</li></ul>', 'Item Mágico', 250000, 'po', 0),
	('Varinha de Bolas de Fogo', 'Esta varinha possui 7 cargas. Enquanto empunha-la, você pode usar uma ação para gastar 1 ou mais de suas cargas para conjurar a magia bola de fogo (CD de resistência 15) através dela. Com 1 carga, você conjura a versão de 3° nível da magia. Você pode aumentar o espaço de magia em um para cada carga adicional que você gastar.<br /> A varinha recupera 1d6 + 1 cargas gastar diariamente ao amanhecer. Se você gastar a última carga da varinha, role um d20. Em um 1, a varinha se desfaz em cinzas e é destruída', 'Item Mágico', 12000, 'po', 0),
	('Vingadora Sagrada', 'Você recebe +3 de bônus nas jogadas de ataque e dano feitas com esta arma mágica. Quando você atinge um corruptor ou morto-vivo com ela, a criatura sofre 2d10 de dano radiante extra.<br /> Enquanto estiver empunhando a espada, ela cria uma aura de 3 metros de raio em sua volta. Você e todas as criaturas amigáveis a você dentro da aura tem vantagem nos testes de resistência contra magias ou outros efeitos mágicos. Se você tiver 17 ou mais níveis da classe paladino, o raio da aura aumenta para 9 metros.', 'Item Mágico', 350000, 'po', 0);

insert into Arma (nomeItem, tipo, dano)	
	values
	('Adaga', 'Armas Simples Corpo-a-Corpo', '1d4 perfurante'),
	('Azagaia', 'Armas Simples Corpo-a-Corpo', '1d6 perfurante'),
	('Bordão', 'Armas Simples Corpo-a-Corpo', '1d6 perfurante'),
	('Clava Grande', 'Armas Simples Corpo-a-Corpo', '1d8 perfurante'),
	('Foice Curta', 'Armas Simples Corpo-a-Corpo', '1d4 perfurante'),
	('Lança','Armas Simples Corpo-a-Corpo', '1d6 perfurante'),
	('Maça', 'Armas Simples Corpo-a-Corpo', '1d6 perfurante'),
	('Machadinha', 'Armas Simples Corpo-a-Corpo', '1d6 perfurante'),
	('Martelo Leve', 'Armas Simples Corpo-a-Corpo', '1d4 perfurante'),
	('Porrete', 'Armas Simples Corpo-a-Corpo', '1d4 perfurante'),
	('Arco Curto', 'Armas Simples à Distância', '1d6 perfurante'),
	('Beste Leve', 'Armas Simples à Distância', '1d8 perfurante'),
	('Dardo', 'Armas Simples à Distância', '1d4 perfurante'),
	('Funda', 'Armas Simples à Distância', '1d4 perfurante'),
	('Alabarda', 'Armas Marciais Corpo-a-Corpo', '1d10 perfurante'),
	('Cimitarra', 'Armas Marciais Corpo-a-Corpo', '1d6 perfurante'),
	('Chicote', 'Armas Marciais Corpo-a-Corpo', '1d4 perfurante'),
	('Espada Curta', 'Armas Marciais Corpo-a-Corpo', '1d6 perfurante'),
	('Espada Grande', 'Armas Marciais Corpo-a-Corpo', '1d6 perfurante'),
	('Espada Longa', 'Armas Marciais Corpo-a-Corpo', '1d8 perfurante'),
	('Glaive', 'Armas Marciais Corpo-a-Corpo', '1d10 perfurante'),
	('Lança de Montaria', 'Armas Marciais Corpo-a-Corpo', '1d12 perfurante'),
	('Lança Longa', 'Armas Marciais Corpo-a-Corpo', '1d10 perfurante'),
	('Maça Estrela', 'Armas Marciais Corpo-a-Corpo', '1d8 perfurante'),
	('Machado Grande', 'Armas Marciais Corpo-a-Corpo', '1d12 perfurante'),
	('Machado de Batalha', 'Armas Marciais Corpo-a-Corpo', '1d8 perfurante'),
	('Malho', 'Armas Marciais Corpo-a-Corpo', '2d6 perfurante'),
	('Mangual', 'Armas Marciais Corpo-a-Corpo', '1d8 perfurante'),
	('Martelo de Guerra', 'Armas Marciais Corpo-a-Corpo', '1d8 perfurante'),
	('Picareta de Guerra', 'Armas Marciais Corpo-a-Corpo', '1d8 perfurante'),
	('Rapieira', 'Armas Marciais Corpo-a-Corpo', '1d8 perfurante'),
	('Tridente', 'Armas Marciais Corpo-a-Corpo', '1d6 perfurante'),
	('Arco Longo', 'Armas Marciais à Distância', '1d8 perfurante'),
	('Besta de Mão', 'Armas Marciais à Distância', '1d6 perfurante'),
	('Besta Pesada', 'Armas Marciais à Distância', '1d10 perfurante'),
	('Rede', 'Armas Marciais à Distância', '-'),
	('Zarabatana', 'Armas Marciais à Distância', '1 perfurante');

insert into PropriedadeArma (nomePropriedade, descricao)	
	values
	('Acuidade', 'Quando realizar um ataque com uma arma com a propriedade acuidade, você pode escolher usar seu modificador de Força ou de Destreza para realizar a jogada de ataque e de dano. Você precisa usar o mesmo modificador para ambas as jogadas, ataque e dano.'),
	('Alcance', 'Essa arma adiciona 1,5 metro ao seu alcance quando você a usa para atacar. Essa propriedade também determina seu alcance ao realizar ataques de oportunidade com uma arma de alcance.'),
	('Arremesso', 'Se uma arma possuir a propriedade arremesso, você pode arremessar a arma para realizar um ataque à distância. Se essa arma for uma arma de ataque corpo-a-corpo, você usa o mesmo modificador de habilidade para as jogadas de ataque e dano que usaria para realizar um ataque corpo-a-corpo com a arma. Por exemplo, se você arremessar uma machadinha, ele usa seu modificador de Força, mas se arremessar uma adaga, você pode usar tanto seu modificador de Força quanto o de Destreza, pois a adaga possui a propriedade acuidade.'),
	('Distância', 'Uma arma que pode ser usada para realizar ataques à distância possui a distância mostrada entre parênteses após a propriedade munição ou arremesso. A distância lista dois números. O primeiro é a distância normal da arma, o segundo indica a distância máxima da arma, ambos em metros. Quando atacar um alvo que está além da distância normal da arma, você possui desvantagem na jogada de ataque. Você não pode atacar um alvo que esteja além da distância máxima da arma.'),
	('Duas Mãos', 'Essa arma requer as duas mãos para ser usada. Essa propriedade só é relevante quando você ataca com a arma, não enquanto apenas a segura.'),
	('Especial', 'Uma arma com a propriedade especial possui regras diferenciadas que detalham seu uso, explicado na descrição da arma (veja "Armas Especiais" mais adiante).'),
	('Leve', 'Uma arma leve é pequena e de fácil manuseio, tornando-a ideal para usar quando você está combatendo com duas armas. Veja as regras para combate com duas armas no capítulo 9.'),
	('Munição', 'Você pode usar uma arma que tenha a propriedade munição para realizar um ataque à distância, apenas se possuir munição para disparar a arma. Cada vez que você atacar com a arma, você gasta uma peça de munição. Sacar a munição de uma aljava, bolsa, ou outro recipiente faz parte do ataque. No fim da batalha, você pode recuperar metade de sua munição gasta, se tiver um minuto para procurar pelo campo de batalha. Recarregar uma arma de uma mão requer uma mão livre.'),
	('Pesada', 'Criaturas pequenas têm desvantagem nas jogadas de ataque com estas armas. O tamanho e o peso de uma arma pesada tornam-na muito grande para ser empunhada eficientemente por criaturas Pequenas.'),
	('Recarga', 'Devido o tempo necessário para recarregar essa arma, você pode disparar apenas uma peça de munição da arma quando usa uma ação, ação bônus, ou reação para disparar, não importando quantos ataques você possua.'),
	('Versátil', 'Essa arma pode ser usada com uma ou duas mãos. Um valor de dano aparece entre parênteses com a propriedade – é o dano da arma quando usada com as duas mãos para efetuar ataques corpo-a-corpo.');

insert into ArmaPropriedadeArma (nomeItem, nomePropriedade, descricao)
	values
	('Adaga', 'Acuidade', null),
	('Adaga', 'Leve', null),
	('Adaga', 'Arremesso', 'distancia 6/18'),
	('Azagaia', 'Arremesso', 'distancia 9/36'),
	('Bordão', 'Versátil', '1d8'),
	('Clava Grande', 'Pesada', null),
	('Clava Grande', 'Duas Mãos', null),
	('Foice Curta', 'Leve', null),
	('Lança', 'Arremesso', 'distancia 6/18'),
	('Lança', 'Versátil', '1d8'),
	('Machadinha', 'Leve', null),
	('Machadinha', 'Arremesso', 'distancia 6/18'),
	('Martelo Leve', 'Leve', null),
	('Martelo Leve', 'Arremesso', 'distancia 6/18'),
	('Porrete', 'Leve', null),
	('Arco Curto', 'Munição', 'distancia 24/96'),
	('Arco Curto', 'Duas Mãos', null),
	('Beste Leve', 'Munição', 'distancia 24/96'),
	('Beste Leve', 'Recarga', null),
	('Beste Leve', 'Duas Mãos', null),
	('Dardo', 'Acuidade', null),
	('Dardo', 'Arremesso', 'distancia 6/18'),
	('Funda', 'Munição', 'distancia 9/36'),
	('Alabarda', 'Pesada', null),
	('Alabarda', 'Alcance', null),
	('Alabarda', 'Duas Mãos', null),
	('Cimitarra', 'Acuidade', null),
	('Cimitarra', 'Leve', null),
	('Chicote', 'Acuidade', null),
	('Chicote', 'Alcance', null),
	('Espada Curta', 'Acuidade', null),
	('Espada Curta', 'Leve', null),
	('Espada Grande', 'Pesada', null),
	('Espada Grande', 'Duas Mãos', null),
	('Espada Longa', 'Versátil', '1d10'),
	('Glaive', 'Pesada', null),
	('Glaive', 'Alcance', null),
	('Glaive', 'Duas Mãos', null),
	('Lança de Montaria', 'Alcance', null),
	('Lança de Montaria', 'Especial', null),
	('Lança Longa', 'Pesada', null),
	('Lança Longa', 'Alcance', null),
	('Lança Longa', 'Duas Mãos', null),
	('Machado Grande', 'Pesada', null),
	('Machado Grande', 'Duas Mãos', null),
	('Machado de Batalha', 'Versátil', '1d10'),
	('Malho', 'Pesada', null),
	('Malho', 'Duas Mãos', null),
	('Martelo de Guerra', 'Versátil', '1d10'),
	('Rapieira', 'Acuidade', null),
	('Tridente', 'Arremesso', 'distancia 6/18'),
	('Tridente', 'Versátil', '1d8'),
	('Arco Longo', 'Munição', 'distancia 45/180'),
	('Arco Longo', 'Pesada', null),
	('Arco Longo', 'Duas Mãos', null),
	('Besta de Mão', 'Munição', 'distancia 9/36'),
	('Besta de Mão', 'Leve', null),
	('Besta de Mão', 'Recarga', null),
	('Besta Pesada', 'Munição', 'distancia 30/120'),
	('Besta Pesada', 'Pesada', null),
	('Besta Pesada', 'Recarga', null),
	('Besta Pesada', 'Duas Mãos', null),
	('Rede', 'Especial', null),
	('Rede', 'Arremesso', 'distancia 1.5/4.5');

insert into Montaria (nomeItem, deslocamento, capacidadeCarga)	
	values
	('Burro ou mula', 12, 210),
	('Camelo', 15, 240),
	('Cavalo de guerra', 18, 270),
	('Cavalo de montaria', 18, 220),
	('Cavalo pesado', 12, 270),
	('Elefante', 12, 660),
	('Mastim', 12, 100),
	('Pônei', 12, 115);

insert into Tempo (tipo, equipar, desequipar, medida)	
	values
	('Armadura Leve', 1, 1, 'minuto'),
	('Armadura Média', 5, 1, 'minuto'),
	('Armadura Pesada', 10, 5, 'minuto'),
	('Escudo', 1, 1, 'ação');

insert into ArmaduraEscudo (nomeItem, classeArmadura, modificadorDes, maxModificador, forcaNecessaria, tipo, furtividade)	
	values
	('Armadura Leve Acolchoada', 11, true, null, 0, 'Armadura Leve', true),
	('Armadura Leve Couro', 11, true,  null, 0, 'Armadura Leve', false),
	('Armadura Leve Couro Batido', 12, true,  null, 0, 'Armadura Leve', false),	
	('Armadura Média Gibão de Peles', 12, true,  2, 0, 'Armadura Média', false),	
	('Armadura Média Camisão de Malha', 13, true,  2, 0, 'Armadura Média', false),	
	('Armadura Média Brunea', 14, true,  2, 0, 'Armadura Média', true),	
	('Armadura Média Peitoral', 14, true,  2, 0, 'Armadura Média', false),	
	('Armadura Média Meia-Armadura', 15, true,  2, 0, 'Armadura Média', true),	
	('Armadura Pesada Cota de anéis', 15, false, null, 0, 'Armadura Pesada', true),	
	('Armadura Pesada Cota de malha', 16, false, null, 13, 'Armadura Pesada', true),	
	('Armadura Pesada Cota de talas', 17, false, null, 15, 'Armadura Pesada', true),	
	('Armadura Pesada Placas', 18, false, null, 15, 'Armadura Pesada', true),	
	('Escudo', 2, false, null, 0, 'Escudo', false);

insert into ItemMagico (nomeItem, tipo, raridade, requisito)	
	values
	('Adaga de Envenenamento', 'Arma (adaga)', 'Raro', null),
	('Anel de Evasão', 'Anel', 'Rara', 'requer sintonização'),
	('Armadura de Adamante', 'Armadura (média ou pesada)', 'Incomum', null),
	('Bolsa Devoradora', 'Item Maravilhoso', 'Muito Raro', null),
	('Escudo +1', 'Armadura (escudo)', 'Incomum', null),
	('Escudo +2', 'Armadura (escudo)', 'Raro', null),
	('Escudo +3', 'Armadura (escudo)', 'Muito Raro', null),
	('Escudo Animado', 'Armadura (escudo)', 'Muito Raro', 'requer sintonização'),
	('Espada do Furto de Vidas', 'Arma (qualquer espada)', 'Raro', 'requer sintonização'),
	('Ferraduras do Zéfiro', 'Item Maravilhoso', 'Muito Raro', null),
	('Filtro do Amor', 'Poção', 'Incomum', null),
	('Manto de Invisibilidade', 'Item Maravilhoso', 'Lendário', 'requer sintonização'),
	('Marca Congelante', 'Arma (qualquer espada)', 'Muito Raro', 'requer sintonização'),
	('Robe do Arquimago', 'Item Maravilhoso', 'Lendário', 'requer sintonização com um bruxo, feiticeiro ou mago'),
	('Varinha de Bolas de Fogo', 'Varinha', 'Raro', 'requer sintonização com um conjurador'),
	('Vingadora Sagrada', 'Arma (qualquer espada)', 'Lendário', 'requer sintonização com um paladino');
