insert into Monstro(nomeMonstro, introducao, foto, classeArmadura, pontosVida, tendencia, nivel, pontosExperiencia, formaCorporal, tamanho, descricaoAcaoLendaria) values
('Inumano', 'A palavra “inumano” significava “pessoa” nos dias de outrora, mas o nome agora se refere a mortos-vivos malignos que foram mortais guiados por desejos obscuros e grande vaidade. Quando a morte silencia o coração de uma criatura assim e sufoca sua suspiro de vida, seu espírito suplica para o lorde demônio Orcus ou a alguma deus vil do submundo por adiamento: morte-vida em troca de uma guerra eterna contra os vivos. <br />Se um poder obscuro ouvir esse chamado, é concedida ao espírito a morte-vida na qual ele pode perseguir sua própria agenda maligna. Os inumanos possuem as memórias e objetivos do seus antigo eu vivo. Eles irão atender ao chamado de qualquer que seja a entidade trevosa que os transformou em mortos-vivos, fazendo juramentos para acalmar seu novo senhor, enquanto mantem sua autonomia. Nunca se cansando, um inumano pode perseguir seus objetivos sem descanso e sem distração.', NULL, '14 (couro batido)', '45 (6d8 + 18)', 'neutro e mau', 3.0, 700, 'Morto-vivo', 'Médio', NULL),
('Guinchador', 'Um guinchador é um cogumelo do tamanho de um humano que emite guinchos agudos para afastar as criaturas que os perturbam. Outras criaturas usam esses fungos como um alarme para sinalizar a aproximação de presas e várias raças inteligentes do Subterrâneo cultivam guinchadores nos arredores de suas comunidades para desencorajar intrusos.', NULL, '5', '13 (3d8)', 'imparcial', 0.0, 10, 'Planta', 'Média', NULL),
('Flumph', 'Os misteriosos flumphs vagam pelo Subterrâneo, impulsionados pelo ar pelos jatos cujo som lhes deu seu nome. Um flumph brilha levemente, refletindo seu humor pela sua cor. Rosa claro significa feliz, azul escuro é tristeza, verde expressa curiosidade e carmesim é raiva.', NULL, '12', '7 (2d6)', 'leal e bom', 0.125, 25, 'Aberração', 'Pequena', NULL),
('Abolete', 'Antes da chegada dos deuses, os aboletes espreitavam nos oceanos primordiais e em lagos subterrâneos. Eles chegaram com suas mentes e tomaram controle das formas de vida florescentes do reino mortal, fazendo dessas criaturas seus escravos. Sua dominação os torna similares a deuses. Então, os verdadeiros deuses apareceram, esmagando o império abolete e libertando seus escravos. Os aboletes nunca esqueceram.', NULL, '17 (armadura natural)', '135 (18d10 + 36)', 'leal e mau', 10.0, 5900, 'Aberração', 'Grande', 'O abolete pode realizar 3 ações lendárias, escolhidas dentre as opções abaixo. Apenas uma ação lendária pode ser usada por vez e apenas no final do turno de outra criatura. O abolete recupera as ações lendárias gastas no começo do turno dele.'),
('Dao', 'Os gênios são criaturas elementais raras vindas das histórias e lendas. Apenas alguns poucos podem ser encontrados no Plano Material. O resto reside nos Planos Elementais, onde eles governam suntuosos palácios e são atendidos por servos que os veneram.<br /> Os gênios são tão brilhantes quanto poderosos, tão orgulhosos quanto majestosos. Arrogantes e decadentes, eles possuem um senso profundo de direito que derroque do conhecimento de que poucas criaturas, além dos deuses e outros gênios, podem desafiar o poder deles.<br /> Os dao são gênios gananciosos e maliciosos do Plano Elemental da Terra. Eles se enfeitam com joias feitas de gemas preciosas e metais raros, e quando voam, a parte inferior de seus corpos tornasse uma coluna de areia rodopiante. Um dao não está feliz, a não ser que seja invejado por outros dao.', NULL, '18 (armadura natural)', '187 (15d10 + 105)', '187 (15d10 + 105)', 11, 7200, 'Elemental', 'Grande', NULL),
('Efreeti', 'Os gênios são criaturas elementais raras vindas das histórias e lendas. Apenas alguns poucos podem ser encontrados no Plano Material. O resto reside nos Planos Elementais, onde eles governam suntuosos palácios e são atendidos por servos que os veneram. <br /> Os gênios são tão brilhantes quanto poderosos, tão orgulhosos quanto majestosos. Arrogantes e decadentes, eles possuem um senso profundo de direito que derroque do conhecimento de que poucas criaturas, além dos deuses e outros gênios, podem desafiar o poder deles.<br /> Gênios brutais do Plano Elemental do Fogo, os efreet são mestres das chamas, imunes a fogo e capazes de cria-lo com um capricho. Cafetãs de seda fina e robes damascos cobrem sua pele vermelho-magma ou negro-carvão, e eles se enfeitam com braceletes, correntes e anéis de cobre ou ouro todos ornamentados com joias. Quando um efreeti voa, a parte inferior do seu corpo se transforma numa coluna de fumaça e cinzas.', NULL, '17 (armadura natural)', '200 (16d10 + 112)', 'leal e mau', 11, 7200, 'Elemental', 'Grande', NULL),
('Dragão Azul Ancião', 'Os dragões azul, branco, negro, verde e vermelho representam o lado maligno da espécie dracônica. Agressivos, vorazes e vaidosos, os dragões cromáticos são sábios cruéis e tiranos poderosos temidos por todas as criaturas – incluindo uns aos outros.<br /> Vaidosos e territorialistas, os dragões azuis pairam pelos céus dos desertos, caçando caravanas e saqueando rebanhos e assentamentos nas terras verdejantes além dos limites do deserto. Esses dragões também podem ser encontrados em estepes secas, ermos escaldantes e costas rochosas. Eles guardam seus territórios contra todos os potenciais competidores, especialmente os dragões de latão.<br /> Um dragão azul é reconhecido por suas impressionantes orelhas franzidas e um único chifre maciço emergindo do seu focinho. Fileiras de espinhos estendem-se de trás de suas narinas formando linhas na sua testa e aglomerados no seu maxilar inferior.<br /> As escamas de um dragão azul variam de coloração desde um azul-celeste iridescente até o azul-marinho, lustrosas e polidas pelas areias do deserto. À medida que o dragão envelhece, suas escamas tornam-se mais compactas e duras e seu couro costuma emitir zumbidos e estalos devido a eletricidade estática. Esses efeitos se intensificam quando o dragão está furioso ou prestes a atacar, liberando um forte odor de ozônio e ar árido.', NULL, '22 (armadura natural)', '481 (26d20 + 208)', 'leal e mau', 23, 50000, 'Dragão', 'Imenso', 'O dragão pode realizar 3 ações lendárias, escolhidas dentre as opções abaixo. Apenas uma ação lendária pode ser usada por vez e apenas no final do turno de outra criatura. O dragão recupera as ações lendárias gastas no começo do turno dele.'),
('Chefe Goblin', 'Goblins são humanoides pequenos, egoístas e de coração negro que vivem em cavernas, minas abandonadas, masmorras despojadas e outros ambientes lúgubres. Individualmente fracos, os goblins andam em grandes – às vezes devastadoras – quantidades. Eles anseiam por poder e regularmente abusam de qualquer autoridade que adquiram.', NULL, '17 (camisão de malha, escudo)', '21 (6d6)', 'neutro e mau', 1, 200, 'Humanoide', 'Pequeno', NULL);

insert into Lore(nome, nomeMonstro, descricao) values
('Devoradores de Vida', 'Inumano', 'Nem morto nem vivo, um inumano existe em um estado transitório entre um mundo e o próximo. A centelha luminosa que ele possuía em vida se foi, e em seu lugar ficou um desejo de consumir a centelha de todas as coisas vivas. Quando um inumano ataca, essa essência brilha como brasas brancas em seus olhos negros, e o toque frio do inumano pode drenar a centelha através da carne, roupas e armaduras.'),
('Sombra da Cripta', 'Inumano', 'Os inumanos fugiram do mundo durante o dia, se afastando da luz do sol, a qual eles detestam. Eles recuam para as covas, criptas e tumbas onde habitam. Seus covis são locais desolados e silenciosos, cercados por plantas mortas, visivelmente enegrecido e evitado por pássaros e bestas.<br /> Os humanoides mortos por um inumano se erguem como zumbis sob seu controle. Motivados por uma fome por almas vivas e levados pelo mesmo desejo de poder que os despertaram como mortos-vivos, alguns inumanos servem como tropas de choque para líderes malignos, incluindo aparições. Como soldados, eles são capazes de planejar, mas raramente o fazem, contando com sua fome de destruição para sobrepujar qualquer criatura que fique em seu caminho.'),
('Natureza Morta-Viva', 'Inumano', 'Um inumano não precisa respirar, comer, beber ou dormir.'),
('Inteligentes e Sábios', 'Flumph', 'Os flumphs se comunicam telepaticamente. Apesar de se parecerem com águas-vivas, os flumphs são seres racionais de grande inteligência e sabedoria, possuindo conhecimentos avançados de religião, filosofia, matemática e incontáveis outros assuntos.<br /> Os flumphs são sensíveis aos estados emocionais das criaturas próximas. Se os pensamentos de uma criatura sugerirem bondade, ele seguirá a criatura. Quando encontrar criaturas que exalem maldade, o flumph fugirá.'),
('Sifôes Psiônicos', 'Flumph', 'Os flumphs se alimentam da energia mental de criaturas psiônicas através de sifões, e eles podem ser encontrados espreitando próximo de comunidades de devoradores de mentes, aboletes, githyanki e githzerai. Como parasitas passivos, eles pegam apenas a energia mental que precisam, e a maioria das criaturas não sentem qualquer perda ou desconforto de tal alimentação.<br /> Consumir energia psiônica revela os pensamentos e emoções das criaturas das quais os flumphs se alimentam. Já que tantas dessas criaturas são malignas, os flumphs são expostos a pensamentos, emoções e anseios que adoecem sua natureza pura. Quando os flumphs encontram aventureiros de coração bom, eles avidamente compartilhas os segredos obscuros que aprenderam na esperança de se livrar da sua fonte de energia maligna, mesmo que fazer isso signifique que precisarão buscar novas fontes de nutrição.'),
('Sociedade Flumph', 'Flumph', 'Os flumphs vivem em grupos complexos e organizados chamados claustros, nos quais cada flumph tem um lugar e propósito. Esses grupos harmoniosos não precisam de líderes, já que todos os flumphs contribuem do jeito que podem.'),
('Memórias Eternas', 'Abolete', 'Os aboletes possuem memórias impecáveis. Eles passam seus conhecimentos e experiências de geração em geração. Então, a injuria da derrota deles pelos deuses permanece perfeitamente preservada em suas mentes.<br /> A mente dos aboletes são preciosos conhecimentos antigos, relembrando de momentos da pré-história com perfeita clareza. Eles tramaram pacientemente e intrincadamente através das eras. Poucas criaturas podem conceber a extensão dos planos de um abolete.'),
('Deuses no Lago', 'Abolete', 'Os aboletes habitam ambientes aquáticos, incluindo abismos oceânicos, lagos profundos e o Plano Elemental da Água. Nesses domínios e nas terras adjacentes, os aboletes são como deuses, demandando veneração e obediência dos seus subordinados. Quando eles consomem outras criaturas, os aboletes adicionam o conhecimento e as experiências de suas prezas às suas memórias eternas.<br /> Os aboletes usam seus poderes telepáticos para ler a mente de  riaturas e descobrir seus desejos. Um abolete usa esse conhecimento para ganhar a lealdade da criatura, prometendo satisfazer tais necessidades em troca de obediência. Dentro do seu covil, o abolete pode, posteriormente, usar seus poderes para enganar os sentidos, fornecendo às criaturas, como seus seguidores, a ilusão das recompensas prometidas.'),
('Inimigos dos Deuses', 'Abolete', 'A queda do poder dos aboletes está escrita com total claramente em suas memórias impecáveis, pois os aboletes nunca morrem de verdade. Se o corpo de um abolete for destruído, seu espírito retorna para o Plano Elemental da Água, onde um novo corpo se funde a ele ao longo de dias ou meses.<br /> Em última análise, os aboletes sonham em destituir os deuses e recuperar o controle sobre o mundo. Os aboletes tiveram incalculáveis eras para tramar e preparar seus planos para uma perfeita execução.'),
('O Covil do Abolete', 'Abolete', 'O covil de um abolete em lagos subterrâneos ou nas profundezas rochosas do oceano, frequentemente é cercado pelas ruínas de uma antiga cidade abolete caída. Um abolete passa a maior parte de sua existência submerso, emergindo ocasionalmente para lidar com visitantes ou adoradores dementes.'),
('Ações de Covil', 'Abolete', 'Quando estiver lutando dentro de seu covil, um abolete pode invocar a magia ambiente para realizar ações de covil. No valor de iniciativa 20 (quebrando toda a sequência de iniciativa), o abolete realiza uma ação de covil fazendo um dos efeitos a seguir:<br /> 
- O abolete conjura força fantasmagórica (nenhum componente é necessário) em qualquer quantidade de criaturas que ele possa ver, a até 18 metros dele. Enquanto mantiver a concentração nesse efeito, o abolete não pode realizar outras ações de covil. Se um alvo for bem sucedido no teste de resistência ou se o efeito terminar para ele, o alvo ficará imune a ação de covil força fantasmagórica do abolete pelas próximas 24 horas, apesar de tal criatura poder escolher ser afetada.<br /> 
- Poças de água a até 27 metros do abolete formam marés agarradoras. Qualquer criatura no solo a até 6 metros de tais poças deve ser bem sucedida num teste de resistência de Força CD 14, ou será puxada 6 metros para dentro da água e ficará caída. O abolete não pode usar essa ação de covil novamente até ter usado uma ação diferente.<br /> 
- A água no covil do abolete magicamente se transforma um condutor para a ira da criatura. O abolete pode afetar qualquer número de criaturas dentro da água que ele possa ver a até 27 metros dele. Um alvo deve ser bem sucedido num teste de resistência de Sabedoria CD 14 ou sofrerá 7 (2d6) de dano psíquico. O abolete não pode usar essa ação de covil novamente até ter usado uma ação diferente.'),
('Efeitos Regionais', 'Abolete', 'A região contendo o covil de um abolete é deformada pela presença da criatura, o que cria um ou mais dos seguintes efeitos:<br /> 
- Superfícies subterrâneas a até 1,5 quilômetro do covil de um abolete fica viscosa e úmida se torna terreno difícil.
- Fontes de água a até 1,5 quilômetro do covil ficam sobrenaturalmente poluídas. Os inimigos do abolete que beberem dessa água vomitarão dentro de minutos.
- Com uma ação, o abolete pode criar uma imagem ilusória de si mesmo a até 1,5 quilômetro do seu covil. A cópia pode aparecer em qualquer lugar que o abolete já tenha visto anteriormente ou em qualquer lugar que uma criatura enfeitiçada pelo abolete possa ver atualmente. Uma vez criada, a imagem dura enquanto o abolete mantiver a concentração, como se ele estivesse se concentrando em uma magia. Apesar da imagem ser intangível, ela se parece, emite sons e se move como o abolete. O abolete pode sentir, falar e usar telepatia da posição da imagem como se estivesse presente nessa posição. Se a imagem sofrer qualquer dano, ela desaparece. Se o abolete morrer, os primeiros dois efeitos desvanecem dentro de 3d10 dias.'),
('Criaturas dos Elementos', 'Dao', 'Um gênio nasce quando a alma de uma criatura viva racional é mesclada a matéria primordial de um plano elemental. Apenas sob raras circunstâncias uma alma infundida por um elemento coalesce em uma forma manifestada, criando um gênio.<br /> Um gênio geralmente não mantem qualquer conexão com a alma que o formou. Aquela força vital é um bloco de construção que determina a forma do gênio e gênero aparente, assim como um ou dois traços de personalidade chave. Apesar de lembrarem seres humanoides, os gênios são espíritos elementais com formas físicas. Eles não acasalam com outros gênios para produzir uma nova prole de gênios, assim, todos os novos gênios nascem da mesma infusão misteriosa de energia espiritual e poder elemental. Um gênio com uma conexão mais forte a sua alma mortal pode conseguir gerar um filho com um mortal, embora tais criar sejam raras.<br /> Quando um gênio perece, ele não deixa nada para trás, exceto o que ele estava vestindo ou carregando, junto com um pequeno vestígio do seu elemento nativo: uma pilha de pó, uma lufada de vento, um lampejo de fogo e fumaça ou uma poça de água e espuma.'),
('Governe ou Seja Governado', 'Dao', 'Escravos mortais servem para validar o poder e elevada autoafirmação dos gênios. Uma centena de vozes lisonjeiras são como música aos ouvidos de um gênio, enquanto que duas centenas de escravos mortais ajoelhados aos seus pés são a prova que ele é seu senhor e mestre. Os gênios veem os escravos como propriedades vivas, e um gênio sem propriedades não significa nada para sua própria espécie. Como resultado, muitos gênios estimam seus escravos, tratando-os como membros honrados de suas casas. Gênios malignos ameaçam e abusam de seus escravos gratuitamente, mas nunca ao ponto de deixar seus escravos imprestáveis.<br /> Contrastando com seu amor por escravos, a maioria dos gênios detestam ser obrigados a servir. Um gênio obedece a vontade de outrem apenas quando subornado ou compelido por magia. Todos os gênios comandam o poder do seu elemento nativo, mas alguns raros também possuem o poder de conceder desejos. Por ambas razões, magos mortais muitas vezes buscam obrigar gênios a servi-los.'),
('Nobreza Decadente', 'Dao', 'Gênios nobres são os mais raros de sua espécie. Eles são usados para conseguir o que querem, e aprenderam a negociar sua habilidade de conceder desejos para alcançar os objetos que eles desejam. Essa indulgência constante os tornou decadentes, enquanto seu poder supremo sobre a realidade os tornou orgulhosos e arrogantes. Seus vastos palácios transbordam de maravilhas e delícias sensórias além da imaginação. <br /> Os gênios nobres cultivam a ciúme e a inveja dos outros gênios, afirmando sua superioridade a cada oportunidade. Outros gênios respeitam a influência dos gênios nobres, sabendo o qual insensato é desafiar uma criatura que pode alterar a realidade como capricho. Um gênio não tem qualquer obrigação para com um gênio nobre, no entanto, e irá, às vezes, escolher desafiar a vontade de um gênio nobre e arriscar as consequências.'),
('O Poder da Adoração', 'Dao', 'Os gênios reconhecem os deuses como entidades poderosas, mas não tem desejo de provoca-los ou adora-los. Eles consideram a bajulação e chiado intermináveis dos devotos religiosos cansativos – exceto quando é direcionado a eles por seus escravos adoradores.<br /> Seus poderes miraculosos, a grandeza de suas moradas e a quantidade de seus escravos permite que alguns gênios enganem-se ao acreditar que são tão poderosos quanto os deuses. Alguns vão tão longe ao ponto de exigir que os mortais de outros reinos – até mesmo continentes ou mundos inteiros – ajoelhem-se perante eles.'),
('Tudo que Reluz', 'Dao', 'Os dao vivem em complexos de tuneis tortuosos e cavernas com veios brilhantes de minérios, no Plano Elemental da Terra. Essas construções labirínticas são expandidas continuamente conforme os dao escavam e remodelam a rocha ao seu redor. Os dao não se importam com a pobreza ou infortúnio dos outros. Um dao pode polvilhar pó de gemas e pó de ouro sobre sua comida para elevar a experiência de comer, devorando suas riquezas da mesma forma que os mortais consomem especiarias preciosas.'),
('Senhores da Terra', 'Dao', 'Um dao nunca ajuda um mortal a não ser que tenha algo a ganhar, preferivelmente tesouros. Dentre os gênios, os dao estão em termos de eloquência e negociação iguais aos efreet, mas eles não sentem nada além de desprezo pelos djinn e os marids. Outras raças nativas do Plano Elemental da Terra evitam os dao, que estão sempre buscando novos escravos para minerar nos complexos labirínticos de suas ilhas de terra flutuantes.'),
('Escravistas Orgulhosos', 'Dao', 'Os dao negociam os melhores escravos que o dinheiro pode comprar, forçando-os a trabalhar em perigosos reinos subterrâneos que desmoronam com terremotos.<br /> Tanto quanto gostam de escravizar outros, os dao odeiam ser escravizados. Magos poderosos são conhecidos por atrair os dao para o Plano Material e aprisiona-los no confinamento de gemas mágicas ou fracos de ferro. Infelizmente para os dao, sua ganância os torna relativamente fáceis para os magos de lograr seus serviços.'),
('Disfarces', 'Dao', 'Alguns gênios podem se disfarçar através de ilusão para se passar por outras criaturas de forma similar. Tais gênios podem, inatamente, conjurar a magia disfarçar-se, a vontade, geralmente com uma duração maior que a da magia normal. Gênios mais poderosos podem conjurar a magia metamorfose verdadeira de uma a três vezes por dia, possivelmente com uma duração maior que da magia normal. Tais gênios podem mudar apenas sua própria forma, mas existem alguns raros que podem usar a magia em outras criaturas e objetos também.'),
('Desejos', 'Dao', 'O poder dos gênios de conceder desejos é lendário entre os mortais. Apenas os gênios mais poderosos, como os que estão entre a nobreza, podem fazê-lo. Um gênio em particular que tenha esse poder pode conceder entre um e três desejos para uma criatura que não seja um gênio. Uma vez que o gênio tenha concedido seu limite de desejos, ele não poderá mais conceder desejos novamente por um período de tempo (geralmente 1 ano), e as leis cósmicas determinam que o mesmo gênio pode gastar seu limite de desejos com uma criatura especifica apenas uma vez na existência dessa criatura.<br /> Para ter um desejo concedido, uma criatura deve estar a até 18 metros do gênio e indicar um efeito desejado para ele. O gênio pode então, conjurar a magia desejo em nome da criatura para fazer o efeito. A depender da natureza do gênio, ele pode tentar perverter a intenção do desejo explorando a contextualização pobre do desejo. A perversão da redação geralmente é um meio de trazer benefícios ao gênio.'),
('Criaturas dos Elementos', 'Efreeti', 'Um gênio nasce quando a alma de uma criatura viva racional é mesclada a matéria primordial de um plano elemental. Apenas sob raras circunstâncias uma alma infundida por um elemento coalesce em uma forma manifestada, criando um gênio.<br /> Um gênio geralmente não mantem qualquer conexão com a alma que o formou. Aquela força vital é um bloco de construção que determina a forma do gênio e gênero aparente, assim como um ou dois traços de personalidade chave. Apesar de lembrarem seres humanoides, os gênios são espíritos elementais com formas físicas. Eles não acasalam com outros gênios para produzir uma nova prole de gênios, assim, todos os novos gênios nascem da mesma infusão misteriosa de energia espiritual e poder elemental. Um gênio com uma conexão mais forte a sua alma mortal pode conseguir gerar um filho com um mortal, embora tais criar sejam raras.<br /> Quando um gênio perece, ele não deixa nada para trás, exceto o que ele estava vestindo ou carregando, junto com um pequeno vestígio do seu elemento nativo: uma pilha de pó, uma lufada de vento, um lampejo de fogo e fumaça ou uma poça de água e espuma.'),
('Governe ou Seja Governado', 'Efreeti', 'Escravos mortais servem para validar o poder e elevada autoafirmação dos gênios. Uma centena de vozes lisonjeiras são como música aos ouvidos de um gênio, enquanto que duas centenas de escravos mortais ajoelhados aos seus pés são a prova que ele é seu senhor e mestre. Os gênios veem os escravos como propriedades vivas, e um gênio sem propriedades não significa nada para sua própria espécie. Como resultado, muitos gênios estimam seus escravos, tratando-os como membros honrados de suas casas. Gênios malignos ameaçam e abusam de seus escravosgratuitamente, mas nunca ao ponto de deixar seus escravos imprestáveis.<br /> Contrastando com seu amor por escravos, a maioria dos gênios detestam ser obrigados a servir. Um gênio obedece a vontade de outrem apenas quando subornado ou compelido por magia. Todos os gênios comandam o poder do seu elemento nativo, mas alguns raros também possuem o poder de conceder desejos. Por ambas razões, magos mortais muitas vezes buscam obrigar gênios a servi-los.'),
('Nobreza Decadente', 'Efreeti', 'Gênios nobres são os mais raros de sua espécie. Eles são usados para conseguir o que querem, e aprenderam a negociar sua habilidade de conceder desejos para alcançar os objetos que eles desejam. Essa indulgência constante os tornou decadentes, enquanto seu poder supremo sobre a realidade os tornou orgulhosos e arrogantes. Seus vastos palácios transbordam de maravilhas e delícias sensórias além da imaginação. Os gênios nobres cultivam a ciúme e a inveja dos outros gênios, afirmando sua superioridade a cada oportunidade. Outros gênios respeitam a influência dos gênios nobres, sabendo o qual insensato é desafiar uma criatura que pode alterar a realidade como capricho. Um gênio não tem qualquer obrigação para com um gênio nobre, no entanto, e irá, às vezes, escolher desafiar a vontade de um gênio nobre e arriscar as consequências.'),
('O Poder da Adoração', 'Efreeti', 'Os gênios reconhecem os deuses como entidades poderosas, mas não tem desejo de provoca-los ou adora-los. Eles consideram a bajulação e chiado intermináveis dos devotos religiosos cansativos – exceto quando é direcionado a eles por seus escravos adoradores.<br /> Seus poderes miraculosos, a grandeza de suas moradas e a quantidade de seus escravos permite que alguns gênios enganem-se ao acreditar que são tão poderosos quanto os deuses. Alguns vão tão longe ao ponto de exigir que os mortais de outros reinos – até mesmo continentes ou mundos inteiros – ajoelhem-se perante eles.'),
('Arrogantes e Cruéis', 'Efreeti', 'Os efreet são enganadores, astutos e cruéis ao ponto da desumanidade. Eles detestam ser forçados a servir e são implacáveis na busca de vingança contra as criaturas que tenham os injustiçado. Os efreet não se veem por este prisma, naturalmente, e consideram sua raça como justa e ordenada, mesmo quando admitem seu sentimento elevado de interesse próprio.'),
('Escravistas Detestáveis', 'Efreeti', 'Os efreet veem todas as outras criaturas como inimigos ou servos em potencial. Eles assaltam o Plano Material e os planos elementais em busca de escravos, os quais eles capturam e trazem de volta para seu lares no Plano Elemental do Fogo. Os efreet governam como tiranos opressores, promovendo apenas a crueldade entre seus escravos. Aos seus capatazes são dados chicotes para ajudar a manter da casta de escravos na linha.'),
('Assaltantes Planares', 'Efreeti', 'A maioria dos efreet reside no Plano Elemental do Fogo, tanto em grandes fortalezas de vidro negro e basalto abobadadas rodeadas por agitados lagos de fogo, quanto na fabulosa Cidade de Bronze. Além disso, postos militares efreet lotados com seus asseclas e escravos podem ser encontrados espalhados pelos planos.<br /> No Plano Material, os efreet habitam em regiões escaldantes como vulcões e nas extensões ardentes dos desertos do mundo. O amor deles pelo deserto os coloca em conflito com os djinn que cavalgam vendavais desérticos e com os dao ligados a terra. Os efreet desprezam profundamente os marids, com os quais eles mantem um conflito impetuoso ao longo da história de ambas as raças.'),
('Disfarces', 'Efreeti', 'Alguns gênios podem se disfarçar através de ilusão para se passar por outras criaturas de forma similar. Tais gênios podem, inatamente, conjurar a magia disfarçar-se, a vontade, geralmente com uma duração maior que a da magia normal. Gênios mais poderosos podem conjurar a magia metamorfose verdadeira de uma a três vezes por dia, possivelmente com uma duração maior que da magia normal. Tais gênios podem mudar apenas sua própria forma, mas existem alguns raros que podem usar a magia em outras criaturas e objetos também.'),
('Desejos', 'Efreeti', 'O poder dos gênios de conceder desejos é lendário entre os mortais. Apenas os gênios mais poderosos, como os que estão entre a nobreza, podem fazê-lo. Um gênio em particular que tenha esse poder pode conceder entre um e três desejos para uma criatura que não seja um gênio. Uma vez que o gênio tenha concedido seu limite de desejos, ele não poderá mais conceder desejos novamente por um período de tempo (geralmente 1 ano), e as leis cósmicas determinam que o mesmo gênio pode gastar seu limite de desejos com uma criatura especifica apenas uma vez na existência dessa criatura.<br /> Para ter um desejo concedido, uma criatura deve estar a até 18 metros do gênio e indicar um efeito desejado para ele. O gênio pode então, conjurar a magia desejo em nome da criatura para fazer o efeito. A depender da natureza do gênio, ele pode tentar perverter a intenção do desejo explorando a contextualização pobre do desejo. A perversão da redação geralmente é um meio de trazer benefícios ao gênio.'),
('Dragões como Conjuradores Inatos', 'Dragão Azul Ancião', 'Dragões são criaturas inatamente mágicas que podem dominar algumas magias à medida que envelhecem, usando essa variação. Um dragão jovem ou mais velho pode, inatamente, conjurar uma quantidade de magias igual ao seu modificador de Carisma. Cada magia pode ser conjurada uma vez por dia, não necessitando de componentes materiais, e o nível da magia não pode ser maior que um terço do nível de desafio (arredondado para baixo) do dragão. O bônus para atingir com ataques de magia do dragão é igual ao seu bônus de proficiência + seu bônus de Carisma. A CD de resistência das magias do dragão é igual a 8 + seu bônus de proficiência + seu bônus de Carisma.'),
('Guiados pela Ganância', 'Dragão Azul Ancião', 'Os dragões cromáticos cobiçam tesouros e essa ganância impele cada artifício e trama deles. Eles acreditam que as riquezas do mundo pertencem a eles por direito, e um dragão cromático confisca essas riquezas sem se preocupar com os humanoides e outras criaturas que “roubaram” elas. Com suas pilhas de moedas, gemas brilhantes e itens mágicos, o tesouro de um dragão é o material das lendas. No entanto, os dragões cromáticos não tem interesse em comercializar, acumulando riqueza com o único intuito de possui-la.'),
('Criaturas Egocêntricas', 'Dragão Azul Ancião', 'Os dragões cromáticos são unidos pelo senso de superioridade, considerando a si próprios como as mais poderosas e valorosas de todas as criaturas mortais. Quando eles interagem com outras criaturas, isso ocorre apenas para dar seguimento a seus próprios interesses. Eles acreditam no seu direito inerente de governar e essa crença é o objetivo de vida da personalidade e visão de mundo de cada dragão cromático. Tentar humilhar um dragão cromático é como tentar convencer os ventos a pararem de se mover. Para essas criaturas, humanoides e animais, encaixam-se como caça ou bestas de carga e não são merecedores de qualquer respeito.'),
('Covis Perigosos', 'Dragão Azul Ancião', 'O covil de um dragão serve como sua base de poder e um cofre para seu tesouro. Com sua resistência e tolerância inatas para os efeitos de ambientes severos, um dragão escolhe ou constrói seu covil não para se abrigar, mas para se defender, preferindo múltiplas entradas e saídas e segurança para seu tesouro.<br /> A maioria dos covis de dragões cromáticos estão escondidos em locais perigosos e remotos para impedir que ninguém além dos mais audaciosos mortais alcancem-nos. Um dragão negro irá habitar no coração de um vasto pântano, enquanto que um dragão vermelho irá reclamar sua caldeira em um vulcão ativo. Além das defesas naturais de seus covis, dragões cromáticos poderosos usam guardiões e armadilhas mágicas e subvertem criaturas a proteger seus tesouros.'),
('Rainha dos Dragões Malignos', 'Dragão Azul Ancião', 'Tiamat, a Rainha Dragão, é a divindade governante das espécies de dragões malignos. Ela reside em Avernus, a primeira camada dos Nove Infernos. Como uma deus menor, Tiamat tem o poder de conceder magias a seus adoradores, apesar de ela detestar partilhar seu poder. Ela sintetiza a avareza dos dragões malignos, acreditando que o multiverso e todos os tesouros nele serão, um dia, dela e apenas dela. Tiamat é um dragão gigantesco cujas cinco cabeças refletem as formas dos dragões cromáticos que a veneram – azul, branco, negro, verde e vermelho. Ela é um terror no campo de batalha, capaz de aniquilar exércitos inteiros com suas cinco armas de sopro, sua conjuração formidável e suas garras assustadoras. O inimigo mais odiado de Tiamat é Bahamut, o Dragão de Platina, com quem ela divide o controle da crença da espécie dracônica. Ela também possui uma inimizade especial por Asmodeu, que há muito tempo atrás a despojou do governo de Avernus e que continua a inibir o poder da Rainha Dragão.'),
('Vaidosos e Mortais', 'Dragão Azul Ancião', 'Um dragão azul não irá aceitar qualquer comentário ou insinuação de que ele é fraco ou inferior, tendo grande prazer em demonstrar seu poder para os humanoides e outras criaturas menores.<br /> Um dragão azul é um combatente paciente e metódico. Quando lutando do seu próprio modo, ele transforma o combate em uma assunto que pode durar horas ou até dias, atacando à distância com rajadas elétricas, depois voando bem pra longe do alcance nocivo enquanto espera para atacar novamente.'),
('Predadores do Deserto', 'Dragão Azul Ancião', 'Apesar de as vezes comerem cactos e outras plantas do deserto para saciar seu apetite voraz, dragões azuis são carnívoros. Eles preferem jantar animais de rebanho, cozinhando essas criaturas com seu sopro elétrico antes de devorá-los. Seus hábitos alimentares fazem dos dragões azuis enormes ameaças para caravanas do deserto e tribos nômades, que tornam-se convenientes montes de comida e tesouro aos olhos do dragão.<br /> Quando ele caça, o dragão azul enterra-se na areia do deserto deixando apenas o chifre no seu nariz para fora da superfície, parecendo ser um afloramento de rocha. Quando a presa se aproxima, o dragão se ergue, a areia escorre de suas asas, como uma avalanche, enquanto ele ataca.'),
('Senhores e criados', 'Dragão Azul Ancião', 'Os dragões azuis cobiçam criaturas valiosas e talentosas cujo serviço reforça o senso de superioridade deles. Bardos, sábios, artistas, magos e assassinos podem ser valiosos agentes para o dragão azul, o qual recompensa o leal serviço generosamente. Um dragão azul mantem seu covil em segredo e bem protegido e, mesmo seu servo mais confiável raramente tem permissão de adentrar nele. Ele incentiva ankhegs, escorpiões gigantes e outras criaturas do deserto a habitarem próximo do seu covil para segurança adicional. Dragões azuis mais velhos, às vezes, atraem elementais do ar e outras criaturas para servi-los. Colecionadores de Gemas. Apesar de dragões azuis coletarem qualquer coisa que pareça valiosa, eles são especialmente afeiçoados às gemas. Considerando o azul como a mais nobre e bela das cores, eles cobiçam safiras, preferindo joias e itens mágicos adornados com essas gemas. Um dragão azul enterra seus tesouros mais preciosos bem fundo na areia, enquanto espalha algumas bugigangas menos valiosas a vista em sumidouros escondidos para punir e eliminar possíveis ladrões.'),
('O Covil do Dragão Azul', 'Dragão Azul Ancião', 'Os dragões azuis fazem seus covis em locais áridos, usando seus sopros elétricos e suas habilidades de escavação para esculpir cavernas cristalizadas e túneis abaixo da areia.<br /> Trovoadas ecoam ao redor do covil de um dragão azul lendário e estreitos tubos com revestimento vítreo ventilam o covil, ao mesmo tempo em que evitam os sumidouros que são a primeira linha de defesa do dragão.<br /> Um dragão azul irá desmoronar as cavernas que levam ao seu covil caso ele seja invadido. O dragão então, os enterrará, deixando seus invasores serem esmagados e sufocarem. Depois, quando ele voltar, ele coletará seus pertences – junto com a riqueza dos intrusos mortos.'),
('Ações de Covil', 'Dragão Azul Ancião', 'No valor de iniciativa 20 (quebrando toda a sequência de iniciativa), o dragão realiza uma ação de covil fazendo um dos efeitos a seguir; o dragão não pode usar o mesmo efeitos em duas rodadas consecutivas: 
- Parte do teto desmorona sobre uma criatura que o dragão possa ver, a até 36 metros dele. A criatura deve ser bem sucedida num teste de resistência de Destreza CD 15 ou sofrerá 10 (3d6) de dano de concussão e será derrubada no chão e enterrada. O alvo enterrado está impedido e incapaz de respirar ou se levantar. Uma criatura pode usar uma ação para realizar um teste de resistência de Força CD 10, terminando o estado de enterrado se obtiver sucesso. 
- Uma nuvem de areia rodopia em uma esfera de 6 metros de raio centrada num ponto que o dragão possa ver, a até 36 metros dele. A nuvem se espalha, dobrando esquinas. Cada criatura na nuvem deve ser bem sucedida num teste de resistência de Constituição CD 15 ou ficará cega por 1 minuto. Uma criatura pode repetir o teste de resistência no final de cada uma de suas rodadas, terminando o efeito sobre se, caso obtenha sucesso. 
- Eletricidade salta, formando uma linha de 1,5 metro de largura entre duas das superfícies sólidas do covil, que o dragão possa ver. Elas devem estar a 36 metros do dragão e 36 metros entre si. Cada criatura na linha deve ser bem sucedida num teste de resistência de Destreza CD 15 ou sofrerá (3d6) de dano elétrico.'),
('Efeitos Regionais', 'Dragão Azul Ancião', 'A região contendo o covil de um dragão azul lendário é deformada pela presença da criatura, o que cria um ou mais dos seguintes efeitos: 
- Trovões ecoam a até 9 quilômetros do covil. 
- Diabos de poeira vagam pelo terreno a até 9 quilômetros do covil. Um diabo de poeira tem as estatísticas de um elemental do ar, mas não pode voar, possui 15 metros de deslocamento e Inteligência e Carisma 1 (–5). 
- Sumidouros escondidos se formam dentro e em volta do covil do dragão. Um sumidouro pode ser visto de uma distância segura com um teste bem sucedido de Sabedoria (Percepção) CD 20. Do contrário, a primeira criatura que pisar na fina crosta cobrindo o sumidouro deve ser bem sucedida num teste de resistência de Destreza CD 15 ou cairá 1d6 x 3 metros dentro do sumidouro.
<br /> Se o dragão morrer, os diabos de poeira desaparecem imediatamente e as trovoadas diminuirão dentro de 1d10 dias. Quaisquer sumidouros permanecerão onde estão.'),
('Goblinoides', 'Chefe Goblin', 'Os goblins pertencem a uma família de criaturas chamadas goblinoides. Seus primos maiores, hobgoblins e bugbear, gostam de intimidar os goblins até a submissão. Os goblins são preguiçosos e indisciplinados, fazendo deles péssimos servos, trabalhadores ou guardas.'),
('Júbilo Malicioso', 'Chefe Goblin', 'Motivados por ganância e malícia, os goblins não conseguem deixar de comemorar as poucas vezes que eles estão no controle. Eles dançam e aprontam alegremente quando a vitória é deles. Depois de terminar seus festejos, os goblins deliciam-se com o tormento de outras criaturas e abraçam todo tipo de maldade.'),
('Líderes e Seguidores', 'Chefe Goblin', 'Os goblins são comandados pelos mais fortes e espertos dentre eles. Um chefe goblin pode comandar um único covil, enquanto que um rei ou rainha goblin (que não é nada além de um chefe goblin glorificado) governa centenas de goblins, espalhados por diversos covis para garantir a sobrevivência da tribo. Os chefes goblins são depostos facilmente, e muitas tribos goblin são tomadas por hobgoblins senhores da guerra ou bugbears comandantes.'),
('Covis Desafiadores', 'Chefe Goblin', 'Os goblins infestam seus covis com alarmes designados para sinalizar a chegada de intrusos. Esses covis também estão repletos de túneis apertados e tocas que criaturas de tamanho humano não podem adentrar, mas nos quais os goblins podem rastejar com facilidade, permitindo que eles fujam ou deem a volta e surpreendam seus inimigos.'),
('Mascotes Ratos e Lobos de Montaria', 'Chefe Goblin', 'Os goblins possuem uma afinidade com ratos e lobos, criando-os para servir como companheiros e montarias, respectivamente. Como ratos, os goblins evitam a luz do sol e dormem no subterrâneo durante o dia. Como lobos, eles caçam em matilhas, que se tornam mais ousadas pela quantidade. Quando caçam das costas de lobos, os goblins usam táticas de atacar e correr.'),
('Adoradores de Maglubiyet', 'Chefe Goblin', 'Maglubiyet o Todo Poderoso, o Senhor das Profundezas e da Escuridão, é o grande deus dos goblinoides. Idealizado pela maioria dos goblins como um goblin guerreiro de 3,35 metros de altura com pele negra e com chamas emergindo dos olhos, ele é venerado não por adoração, mas por medo. Os goblins acreditam que quando morrem em batalha, seus espíritos se juntam as fileiras do exército de Magluiyet no plano do Aqueronte. Esse é um “privilégio” que a maioria dos goblins abominam, temendo a tirania eterna do Todo Poderoso mais que a própria morte.');

insert into TracoEspecialMonstro(nome, nomeMonstro, descricao) values
('Sensibilidade à Luz Solar', 'Inumano', 'Enquanto estiver sob luz solar, o inumano tem desvantagem nas jogadas de ataque, assim como em testes de Sabedoria (Percepção) relacionados a visão.'),
('Aparência Falsa', 'Guinchador', 'Enquanto o guinchador permanecer imóvel, ele é indistinguível de um fungo comum.'),
('Deficiência Caído', 'Flumph', 'Se o flumph for derrubado, role um dado. Se o resultado for ímpar, o flumph cai de cabeça para baixo e fica incapacitado. No final de cada um dos seus turnos, o flumph pode realizar um teste de resistência de Destreza CD 10, se desvirando e terminando a condição de incapacitado, caso obtenha sucesso.'),
('Manto Telepático', 'Flumph', 'O flumph é imune a qualquer efeito que possa sentir suas emoções ou ler seus pensamentos, assim como magias de adivinhação.'),
('Telepatia Avançada', 'Flumph', 'O flumph pode perceber o conteúdo de qualquer comunicação telepática usada a até 18 metros dele, e ele não pode ser surpreendido por criaturas que tenham qualquer forma de telepatia.'),
('Anfíbio', 'Abolete', 'O abolete pode respirar ar e água.'),
('Anfíbio.', 'Abolete', 'Quando estiver submerso, o abolete fica envolto por um muco transformador. Uma criatura que toque o abolete ou que atinja ele com um ataque corpo-a-corpo estando a até 1,5 metro dele deve ser bem sucedida num teste de resistência de Constituição CD 14. Se fracassar, a criatura fica adoecida por 1d4 horas. A criatura adoecida só pode respirar sob a água.'),
('Sondagem Telepática', 'Abolete', 'Se uma criatura se comunicar telepaticamente com o abolete, o abolete descobre os maiores desejos da criatura se o abolete puder vê-la.'),
('Conjuração Inata', 'Dao', 'A habilidade de conjuração de um dao é Carisma (CD de resistência de magia 14, +6 para atingir com ataques de magia). Ele pode conjurar, inatamente, as seguintes magias, sem necessidade de componentes materiais:
- À vontade: detectar bem e mal, detectar magia, moldar rochas 
- 3/dia cada: criar passagem, idiomas, mover terra 
- 1/dia cada: assassino fantasmagórico, conjurar elemental (elemental da terra apenas), forma gasosa, invisibilidade, muralha de pedra, viagem planar'),
('Deslizar na Terra', 'Dao', 'O dao pode escavar através de terra e rocha não-mágica bruta. Enquanto faz isso, o dao não perturba o material pelo qual se move.'),
('Morte Elemental', 'Dao', 'Se o dao morrer, seu corpo se desintegra em pó cristalino, deixando para trás apenas o equipamento que o dao estava vestindo ou carregando.'),
('Estabilidade', 'Dao', 'O dao tem vantagem em testes de resistência de Força e Destreza feitos contra efeitos que possam derruba-lo no chão.'),
('Conjuração Inata', 'Efreeti', 'A habilidade de conjuração de um efreeti é Carisma (CD de resistência de magia 15, +7 para atingir com ataques de magia). Ele pode conjurar, inatamente, as seguintes magias, sem necessidade de componentes materiais: 
- À vontade: detectar magia 
- 3/dia cada: aumentar/reduzir, idiomas 
- 1/dia cada: conjurar elemental (elemental do fogo apenas), forma gasosa, imagem maior, invisibilidade, muralha de fogo, viagem planar'),
('Morte Elemental', 'Efreeti', 'Se o efreeti morrer, seu corpo se desintegra em um clarão de fogo e fumaça, deixando para trás apenas o equipamento que o efreeti estava vestindo ou carregando.'),
('Resistência Lendária (3/Dia)', 'Dragão Azul Ancião', 'Se o dragão falhar em um teste de resistência, ele pode escolher obter sucesso, no lugar.'),
('Escapada Ágil', 'Chefe Goblin', 'O goblin pode realizar a ação de Desengajar ou Esconder-se com uma ação bônus em cada um dos seus turnos.'),
('Redirecionar Ataque', 'Chefe Goblin', 'Quando uma criatura que o goblin possa ver o escolhe para atacar, o goblin escolhe outro goblin a até 1,5 metro dele. Os dois goblins trocam de lugar, e o goblin escolhido torna-se o alvo do ataque, no lugar.');

insert into CaracteristicaMonstro(nome, nomeMonstro, descricao) values
('Deslocamento', 'Inumano', '9 m'),
('Perícias', 'Inumano', 'Furtividade +4, Percepção +3'),
('Resistência a Dano', 'Inumano', 'necrótico; concussão, cortante e perfurante de armas não-mágicas que não sejam de prata'),
('Imunidade a Dano', 'Inumano', 'veneno'),
('Imunidade a Condição', 'Inumano', 'envenenado, exausto'),
('Sentidos', 'Inumano', 'visão no escuro 18 m, Percepção passiva 13'),
('Idiomas', 'Inumano', 'os idiomas que conhecia em vida'),
('Deslocamento', 'Guinchador', '0 m'),
('Imunidade a Condição', 'Guinchador', 'amedrontado, cego, surdo'),
('Sentidos', 'Guinchador', 'percepção às cegas 9 m (cego além desse raio), Percepção passiva 6'),
('Idiomas', 'Guinchador', '-'),
('Perícias', 'Flumph', 'Arcanismo +4, História +4, Religião +4'),
('Vulnerabilidade a Dano', 'Flumph', 'psíquico'),
('Sentidos', 'Flumph', 'visão no escuro 18 m, Percepção passiva 12'),
('Idiomas', 'Flumph', 'compreende Subcomum mas não pode falar, telepatia 18 m'),
('Deslocamento', 'Flumph', '1,5 m, voo 9 m'),
('Deslocamento', 'Abolete', '3 m, natação 12 m'),
('Testes de Resistência', 'Abolete', 'Con +6, Int +8, Sab +6'),
('Perícias', 'Abolete', 'História +12, Percepção +10'),
('Sentidos', 'Abolete', 'visão no escuro 36 m, Percepção passiva 20'),
('Idiomas', 'Abolete', 'Dialeto Subterrâneo, telepatia 36 m'),
('Idiomas', 'Dao', 'Terran'),
('Sentidos', 'Dao', 'visão no escuro 36 m, Percepção passiva 11'),
('Imunidade a Condição', 'Dao', 'petrificado'),
('Testes de Resistência', 'Dao', 'Int +5, Sab +5, Car +6'),
('Deslocamento', 'Dao', '9 m, escavação 9 m, voo 9 m'),
('Deslocamento', 'Efreeti', '12 m, voo 18 m'),
('Testes de Resistência', 'Efreeti', 'Int +7, Sab +6, Car +7'),
('Imunidade a Dano', 'Efreeti', 'fogo'),
('Sentidos', 'Efreeti', 'visão no escuro 36 m, Percepção passiva 12'),
('Idiomas', 'Efreeti', 'Ignan'),
('Deslocamento', 'Dragão Azul Ancião', '12 m, escavação 12 m, voo 24 m'),
('Testes de Resistência', 'Dragão Azul Ancião', 'Des +7, Con +15, Sab +10, Car +12'),
('Perícias', 'Dragão Azul Ancião', 'Furtividade +7, Percepção +17'),
('Imunidade a Dano', 'Dragão Azul Ancião', 'elétrico'),
('Sentidos', 'Dragão Azul Ancião', 'percepção às cegas 18 m, visão no escuro 36 m, Percepção passiva 27'),
('Idiomas', 'Dragão Azul Ancião', 'Comum, Dracônico'),
('Idiomas', 'Chefe Goblin', 'Comum, Goblin'),
('Sentidos', 'Chefe Goblin', 'visão no escuro 18 m, Percepção passiva 9'),
('Perícias', 'Chefe Goblin', 'Furtividade +6'),
('Deslocamento', 'Chefe Goblin', '9 m');
	
insert into Acao(nome, nomeMonstro, descricao) values
('Ataques Múltiplos', 'Inumano', 'O inumano realiza dois ataques com espada longa ou dois ataques com arco longo. Ele pode usar seu Drenar Vida no lugar de um ataque de espada longa.'),
('Drenar Vida', 'Inumano', 'Ataque Corpo-a-Corpo com Magia: +4 para atingir, alcance 1,5 m, uma criatura. Acerto: 5 (1d6 + 2) de dano necrótico. O alvo deve ser bem sucedido num teste de resistência de Constituição CD 13 ou seu máximo de pontos de vida será reduzido em um valor igual ao dano sofrido. Essa redução dura até o alvo terminar um descanso longo. O alvo morre se esse efeito reduzir seu máximo de pontos de vida a 0. Um humanoide morto por esse ataque, se ergue 24 horas depois como um zumbi sob controle do inumano, a não ser que o humanoide seja trazido de volta à vida ou seu corpo seja destruído. O inumano pode ter até doze zumbis sob seu controle ao mesmo tempo.'),
('Espada Longa', 'Inumano', 'Ataque Corpo-a-Corpo com Arma: +4 para atingir, alcance 1,5 m, um alvo. Acerto: 6 (1d8 + 2) de dano cortante, ou 7 (1d10 + 2) de dano cortante se usada com as duas mãos.'),
('Arco Longo', 'Inumano', 'Ataque à Distância com Arma: +4 para atingir, distância 45/180 m, um alvo. Acerto: 6 (1d8 + 2) de dano perfurante.'),
('Guincho', 'Guinchador', 'Quando luz plena ou uma criatura está a até 9 metros de um guinchador, ele emite um guincho audível a até 90 metros dele. O guinchador continua a guinchar até a perturbação se afastar do seu alcance e por mais 1d4 turnos do guinchador depois disso.'),
('Gavinhas', 'Flumph', 'Ataque Corpo-a-Corpo com Arma: +4 para atingir, alcance 1,5 m, uma criatura. Acerto: 4 (1d4 + 2) de dano perfurante mais 2 (1d4) de dano de ácido. No final de cada um dos seus turnos, o alvo deve ser bem sucedido num teste de resistência de Constituição CD 10, sofrendo 2 (1d4) de dano de ácido se fracassar ou terminando o ácido recorrente se obtiver sucesso. Uma magia restauração menor conjurada no alvo também termina o dano de ácido recorrente.'),
('Rajada Fedorenta (1/Dia)', 'Flumph', 'Cada criatura num cone de 4,5 metros originado do flumph, deve ser bem sucedida num teste de resistência de Destreza CD 10 ou será coberta por um líquido mal cheiroso. Uma criatura coberta exala um fedor terrível por 1d4 horas. Ela fica envenenada enquanto o fedor durar e outras criaturas ficam envenenadas enquanto estiverem a 1,5 metro da criatura coberta. Uma criatura pode remover o fedor sobre si usando um descanso curto para se banhar em água, álcool ou vinagre.'),
('Ataques Múltiplos', 'Abolete', 'O abolete realiza três ataques de tentáculos.'),
('Cauda', 'Abolete', 'Ataque Corpo-a-Corpo com Arma: +0 para atingir, alcance 3 m, um alvo. Acerto: 15 (3d6 + 5) de dano de concussão.'),
('Escravizar (3/Dia)', 'Abolete', 'O abolete afeta uma criatura que ele possa ver a até 9 metros dele. O alvo deve ser bem sucedido num teste de resistência de Sabedoria CD 14, ou ficará magicamente enfeitiçado pelo abolete até que ele morra ou esteja em um plano de existência diferente do alvo. O alvo enfeitiçado está sob o controle do abolete e não pode realizar reações e, o abolete e o alvo, podem se comunicar telepaticamente um com o outro a qualquer distância.<br /> Sempre que o alvo enfeitiçado sofrer dano, ele pode repetir o teste de resistência. Se for bem sucedido, o efeito termina. Não mais de uma vez a cada 24 horas, o alvo também pode repetir o teste de resistência quando ele estiver a pelo menos 1,5 quilômetro de distância do abolete.'),
('Tentáculo', 'Abolete', 'Ataque Corpo-a-Corpo com Arma: +9 para atingir, alcance 3 m, um alvo. Acerto: 12 (2d6 + 5) de dano de concussão. Se o alvo for uma criatura, ele deve ser bem sucedido num teste de resistência de Constituição CD 14 ou ficará adoecido. A doença não causa nenhum efeito por 1 minuto e pode ser removida por qualquer magia que cure doenças. Após 1 minuto, a pele da criatura adoecida se torna translucida e viscosa, a criatura não pode recuperar pontos de vida a não ser que esteja submersa e a doença só pode ser removida por cura completa ou por outra mágica de curar doenças de 6° nível ou superior. Quando a criatura estiver fora de um corpo de água, ela sofre 6 (1d12) de dano de ácido a cada 10 minutos, a menos que a pele dela seja umedecida antes de 10 minutos se passarem.'),
('Ataques Múltiplos', 'Dao', 'O dao realiza dois ataques com punho ou dois ataques com malho.'),
('Punho', 'Dao', 'Ataque Corpo-a-Corpo com Arma: +10 para atingir, alcance 1,5 m, um alvo. Acerto: 15 (2d8 + 6) de dano de concussão.'),
('Malho', 'Dao', 'Ataque Corpo-a-Corpo com Arma: +10 para atingir, alcance 1,5 m, um alvo. Acerto: 20 (4d6 + 6) de dano de concussão. Se o alvo for uma criatura Enorme ou menor, ele deve ser bem sucedido num teste de Força CD 18 ou será derrubado no chão.'),
('Ataques Múltiplos', 'Efreeti', 'O efreeti realiza dois ataques com cimitarra ou usa seu Arremessar Chamas duas vezes.'),
('Cimitarra', 'Efreeti', 'Ataque Corpo-a-Corpo com Arma: +10 para atingir, alcance 1,5 m, um alvo. Acerto: 13 (2d6 + 6) de dano cortante mais 7 (2d6) de dano de fogo.'),
('Arremessar Chamas', 'Efreeti', 'Ataque à Distância com Magia: +7 para atingir, distância 36 m, um alvo. Acerto: 17 (5d6) de dano defogo.'),
('Ataques Múltiplos', 'Dragão Azul Ancião', 'O dragão pode usar sua Presença Aterradora, ele pode então, realizar três ataques: um com sua mordida e dois com suas garras.'),
('Mordida', 'Dragão Azul Ancião', 'Ataque Corpo-a-Corpo com Arma: +16 para atingir, alcance 4,5 m, um alvo. Acerto: 20 (2d10 + 9) de dano perfurante mais 11 (2d10) de dano elétrico.'),
('Garra', 'Dragão Azul Ancião', 'Ataque Corpo-a-Corpo com Arma: +16 para atingir, alcance 3 m, um alvo. Acerto: 16 (2d6 + 9) de dano cortante.'),
('Cauda', 'Dragão Azul Ancião', 'Ataque Corpo-a-Corpo com Arma: +16 para atingir, alcance 6 m, um alvo. Acerto: 18 (2d8 + 9) de dano de concussão.'),
('Presença Aterradora', 'Dragão Azul Ancião', 'Cada criatura, à escolha do dragão, que esteja a até 36 metros do dragão e esteja ciente disso, deve ser bem sucedida num teste de resistência de Sabedoria CD 20 ou ficará amedrontada por 1 minuto. Uma criatura pode repetir o teste de resistência no final de cada um dos turnos dela, terminando o efeito sobre si, caso obtenha sucesso. Se o teste de resistência de uma criatura for bem sucedido ou caso o efeito termine sobre ela, a criatura ficará imune a Presença Aterradora do dragão pelas próximas 24 horas.'),
('Sopro Elétrico (Recarrega 5–6)', 'Dragão Azul Ancião', 'O dragão pode expelir eletricidade em uma linha com 36 metros de comprimento e 3 metros de largura. Cada criatura na linha deve ser bem sucedida num teste de resistência de Destreza CD 23, sofrendo 88 (16d10) de dano elétrico se falhar na resistência, ou metade desse dano caso obtenha sucesso.'),
('Ataques Múltiplos','Chefe Goblin','O goblin realiza dois ataques com sua cimitarra. O segundo ataque tem desvantagem.'),
('Cimitarra','Chefe Goblin','Ataque Corpo-a-Corpo com Arma: +4 para atingir, alcance 1,5 m, um alvo. Acerto: 5 (1d6 + 2) de dano cortante.'),
('Azagaia','Chefe Goblin','Ataque Corpo-a-Corpo ou à Distância com Arma: +4 para atingir, alcance 1,5 m ou distância 9/36 m, um alvo. Acerto: 5 (1d6 + 2) de dano perfurante.');

insert into AcaoLendaria(nome, nomeMonstro, descricao) values
('Chicotear com a Cauda', 'Abolete', 'O abolete realiza um ataque de cauda.'),
('Detectar', 'Abolete', 'O abolete realiza um teste de Sabedoria (Percepção).'),
('Dreno Psíquico (Custa 2 Ações)', 'Abolete', 'Uma criatura enfeitiçada pelo abolete sofre 10 (3d6) de dano psíquico e o abolete recupera uma quantidade de pontos de vida igual ao dano sofrido pela criatura.'),
('Detectar', 'Dragão Azul Ancião', 'O dragão realiza um teste de Sabedoria (Percepção)'),
('Ataque com Cauda', 'Dragão Azul Ancião', 'O dragão realiza um ataque de cauda.'),
('Ataque com Asas (Custa 2 Ações)', 'Dragão Azul Ancião', 'O dragão bate suas asas. Cada criatura a até 4,5 metros do dragão deve ser bem sucedida num teste de resistência de Destreza CD 24 ou sofrerá 16 (2d6 + 9) de dano de concussão e cairá no chão. Após bater suas asas, o dragão pode voar até metade do seu deslocamento de voo.');

insert into Habilidade(valor, valorModificador) values
(1, -5), (2, -4), (3, -4), (4, -3), (5, -3), (6, -2), (7, -2), (8, -1), (9, -1), (10, 0), (11, 0), (12, 1), (13, 1), (14, 2), (15, 2), (16, 3), (17, 3), (18, 4), (19, 4), (20, 5), (21, 5), (22, 6), (23, 6), (24, 7), (25, 7), (26, 8), (27, 8), (28, 9), (29, 9),(30, 10);

insert into MonstroHabilidade(nomeMonstro, nomeHabilidade, valor) values
('Inumano', 'Força', 15),
('Inumano', 'Destreza', 14),
('Inumano', 'Constituição', 16),
('Inumano', 'Inteligência', 10),
('Inumano', 'Sabedoria', 13),
('Inumano', 'Carisma', 15),
('Guinchador', 'Força', 1),
('Guinchador', 'Destreza', 1),
('Guinchador', 'Constituição', 10),
('Guinchador', 'Inteligência', 1),
('Guinchador', 'Sabedoria', 3),
('Guinchador', 'Carisma', 1),
('Flumph', 'Força', 6),
('Flumph', 'Destreza', 15),
('Flumph', 'Constituição', 10),
('Flumph', 'Inteligência', 14),
('Flumph', 'Sabedoria', 14),
('Flumph', 'Carisma', 11),
('Abolete', 'Força', 21),
('Abolete', 'Destreza', 9),
('Abolete', 'Constituição', 15),
('Abolete', 'Inteligência', 18),
('Abolete', 'Sabedoria', 15),
('Abolete', 'Carisma', 18),
('Dao', 'Força', 23),
('Dao', 'Destreza', 12),
('Dao', 'Constituição', 24),
('Dao', 'Inteligência', 12),
('Dao', 'Sabedoria', 13),
('Dao', 'Carisma', 14),
('Efreeti', 'Força', 22),
('Efreeti', 'Destreza', 12),
('Efreeti', 'Constituição', 24),
('Efreeti', 'Inteligência', 16),
('Efreeti', 'Sabedoria', 15),
('Efreeti', 'Carisma', 16),
('Dragão Azul Ancião', 'Força', 29),
('Dragão Azul Ancião', 'Destreza', 10),
('Dragão Azul Ancião', 'Constituição', 27),
('Dragão Azul Ancião', 'Inteligência', 18),
('Dragão Azul Ancião', 'Sabedoria', 17),
('Dragão Azul Ancião', 'Carisma', 21),
('Chefe Goblin', 'Força', 10),
('Chefe Goblin', 'Destreza', 14),
('Chefe Goblin', 'Constituição', 10),
('Chefe Goblin', 'Inteligência', 10),
('Chefe Goblin', 'Sabedoria', 8),
('Chefe Goblin', 'Carisma', 10);